,tenure,MonthlyCharges,Contract,InternetService,Churn_Probability,Risk_Level,Monthly_Revenue
1252,1,19.45,Month-to-month,No,100.0,High Risk,19.45
629,49,90.05,Month-to-month,Fiber optic,100.0,High Risk,90.05
341,71,85.75,Two year,DSL,100.0,High Risk,85.75
1289,63,68.8,One year,DSL,100.0,High Risk,68.8
171,2,104.4,Month-to-month,Fiber optic,99.0,High Risk,104.4
740,47,65.0,Two year,DSL,98.0,High Risk,65.0
1178,15,101.35,Month-to-month,Fiber optic,97.0,High Risk,101.35
618,57,87.55,Month-to-month,Fiber optic,97.0,High Risk,87.55
1221,9,24.6,Month-to-month,DSL,96.0,High Risk,24.6
1109,40,50.15,Month-to-month,DSL,96.0,High Risk,50.15
38,34,106.35,Month-to-month,Fiber optic,96.0,High Risk,106.35
889,63,100.55,Month-to-month,Fiber optic,96.0,High Risk,100.55
813,34,30.4,One year,DSL,96.0,High Risk,30.4
771,15,93.35,Month-to-month,Fiber optic,95.0,High Risk,93.35
733,72,79.05,Two year,Fiber optic,95.0,High Risk,79.05
954,22,95.1,Month-to-month,Fiber optic,94.0,High Risk,95.1
1090,51,107.45,One year,Fiber optic,94.0,High Risk,107.45
1175,13,80.0,Month-to-month,Fiber optic,94.0,High Risk,80.0
627,66,104.6,One year,Fiber optic,93.0,High Risk,104.6
788,24,78.4,One year,DSL,93.0,High Risk,78.4
1393,1,20.35,Month-to-month,No,93.0,High Risk,20.35
995,35,85.3,Month-to-month,Fiber optic,93.0,High Risk,85.3
234,29,25.15,Month-to-month,No,93.0,High Risk,25.15
510,20,94.3,One year,Fiber optic,92.0,High Risk,94.3
1083,2,80.95,Month-to-month,Fiber optic,92.0,High Risk,80.95
762,3,70.3,Month-to-month,Fiber optic,92.0,High Risk,70.3
1259,46,95.25,One year,Fiber optic,92.0,High Risk,95.25
344,41,20.25,One year,No,91.0,High Risk,20.25
947,32,91.35,Month-to-month,Fiber optic,91.0,High Risk,91.35
1188,35,99.25,One year,Fiber optic,90.0,High Risk,99.25
654,8,19.65,Month-to-month,No,90.0,High Risk,19.65
1285,7,89.5,Month-to-month,Fiber optic,90.0,High Risk,89.5
1164,71,82.7,Two year,DSL,90.0,High Risk,82.7
594,1,45.6,Month-to-month,DSL,90.0,High Risk,45.6
872,66,19.95,Two year,No,90.0,High Risk,19.95
98,52,21.0,Two year,No,90.0,High Risk,21.0
417,40,24.8,Two year,No,89.0,High Risk,24.8
900,2,19.5,Month-to-month,No,89.0,High Risk,19.5
828,60,90.95,One year,Fiber optic,89.0,High Risk,90.95
816,2,86.2,Month-to-month,Fiber optic,89.0,High Risk,86.2
911,15,89.0,Month-to-month,Fiber optic,88.0,High Risk,89.0
940,24,21.05,One year,No,88.0,High Risk,21.05
435,26,44.45,Month-to-month,DSL,87.0,High Risk,44.45
154,6,19.7,Month-to-month,No,87.0,High Risk,19.7
814,5,20.05,Month-to-month,No,87.0,High Risk,20.05
1286,1,74.1,One year,DSL,87.0,High Risk,74.1
1097,25,90.4,One year,Fiber optic,86.5,High Risk,90.4
1197,15,19.45,Month-to-month,No,86.0,High Risk,19.45
746,72,114.95,Two year,Fiber optic,85.0,High Risk,114.95
304,38,81.85,Month-to-month,Fiber optic,85.0,High Risk,81.85
41,70,69.2,Two year,DSL,85.0,High Risk,69.2
1034,71,81.85,Two year,DSL,84.0,High Risk,81.85
360,5,20.2,Month-to-month,No,84.0,High Risk,20.2
987,1,19.75,Month-to-month,No,84.0,High Risk,19.75
182,8,84.5,Month-to-month,Fiber optic,84.0,High Risk,84.5
593,30,84.3,Month-to-month,Fiber optic,84.0,High Risk,84.3
1355,9,19.5,Month-to-month,No,84.0,High Risk,19.5
952,22,55.1,Month-to-month,DSL,84.0,High Risk,55.1
710,1,19.55,Month-to-month,No,83.0,High Risk,19.55
1288,64,19.55,Two year,No,83.0,High Risk,19.55
566,15,101.9,One year,Fiber optic,83.0,High Risk,101.9
34,1,45.25,Month-to-month,DSL,83.0,High Risk,45.25
542,1,19.55,Month-to-month,No,83.0,High Risk,19.55
1116,38,24.25,One year,No,83.0,High Risk,24.25
568,35,100.25,Month-to-month,Fiber optic,83.0,High Risk,100.25
604,32,109.55,One year,Fiber optic,82.0,High Risk,109.55
1127,23,66.25,One year,DSL,82.0,High Risk,66.25
87,48,20.65,Two year,No,81.0,High Risk,20.65
630,43,110.75,Month-to-month,Fiber optic,81.0,High Risk,110.75
1040,14,90.45,Month-to-month,Fiber optic,81.0,High Risk,90.45
749,63,90.05,One year,Fiber optic,81.0,High Risk,90.05
581,1,75.3,Month-to-month,Fiber optic,80.0,High Risk,75.3
495,22,43.75,One year,DSL,80.0,High Risk,43.75
797,20,25.55,Month-to-month,No,80.0,High Risk,25.55
69,10,79.85,Month-to-month,Fiber optic,80.0,High Risk,79.85
278,14,55.0,Month-to-month,DSL,80.0,High Risk,55.0
979,35,54.95,One year,DSL,80.0,High Risk,54.95
412,29,74.95,Month-to-month,Fiber optic,79.7,High Risk,74.95
533,68,107.15,One year,Fiber optic,79.0,High Risk,107.15
711,20,81.0,Month-to-month,Fiber optic,79.0,High Risk,81.0
693,3,75.1,Month-to-month,Fiber optic,79.0,High Risk,75.1
124,4,20.85,Month-to-month,No,79.0,High Risk,20.85
1327,59,99.5,One year,Fiber optic,78.0,High Risk,99.5
1213,69,20.2,Two year,No,78.0,High Risk,20.2
1222,64,69.25,Two year,DSL,78.0,High Risk,69.25
764,65,19.9,Two year,No,78.0,High Risk,19.9
399,23,20.05,One year,No,78.0,High Risk,20.05
728,30,91.7,Month-to-month,Fiber optic,78.0,High Risk,91.7
621,62,92.05,One year,Fiber optic,78.0,High Risk,92.05
454,61,24.4,Two year,No,78.0,High Risk,24.4
920,60,24.15,One year,No,78.0,High Risk,24.15
276,52,105.05,Month-to-month,Fiber optic,78.0,High Risk,105.05
1274,62,101.15,Two year,Fiber optic,77.0,High Risk,101.15
538,69,95.65,One year,Fiber optic,77.0,High Risk,95.65
713,14,86.0,Month-to-month,Fiber optic,76.0,High Risk,86.0
450,64,24.7,One year,No,76.0,High Risk,24.7
735,32,50.6,Month-to-month,DSL,76.0,High Risk,50.6
1211,11,66.35,Month-to-month,DSL,75.0,High Risk,66.35
1223,2,75.9,Month-to-month,Fiber optic,75.0,High Risk,75.9
427,10,85.95,Month-to-month,Fiber optic,74.0,High Risk,85.95
86,35,62.15,One year,DSL,74.0,High Risk,62.15
647,50,69.65,One year,DSL,74.0,High Risk,69.65
1092,70,64.95,Two year,DSL,74.0,High Risk,64.95
1088,17,100.45,Month-to-month,Fiber optic,74.0,High Risk,100.45
310,1,19.25,Month-to-month,No,73.0,High Risk,19.25
235,2,54.4,Month-to-month,DSL,73.0,High Risk,54.4
1138,11,65.15,Month-to-month,DSL,73.0,High Risk,65.15
774,33,95.8,One year,Fiber optic,73.0,High Risk,95.8
1379,70,44.6,Two year,DSL,73.0,High Risk,44.6
839,44,20.4,Two year,No,73.0,High Risk,20.4
51,15,99.1,Month-to-month,Fiber optic,73.0,High Risk,99.1
1,34,56.95,One year,DSL,72.0,High Risk,56.95
1053,5,39.5,Month-to-month,DSL,72.0,High Risk,39.5
943,72,65.5,Two year,DSL,71.0,High Risk,65.5
567,71,73.5,Two year,DSL,71.0,High Risk,73.5
678,3,107.95,Month-to-month,Fiber optic,71.0,High Risk,107.95
794,6,45.0,Month-to-month,DSL,71.0,High Risk,45.0
13,49,103.7,Month-to-month,Fiber optic,71.0,High Risk,103.7
1133,2,19.25,Month-to-month,No,71.0,High Risk,19.25
224,12,19.35,One year,No,71.0,High Risk,19.35
240,72,86.6,Two year,DSL,71.0,High Risk,86.6
586,52,63.25,Two year,DSL,71.0,High Risk,63.25
121,6,20.7,Month-to-month,No,71.0,High Risk,20.7
518,27,75.2,Month-to-month,Fiber optic,71.0,High Risk,75.2
973,44,30.35,Month-to-month,DSL,71.0,High Risk,30.35
1066,47,19.65,Two year,No,71.0,High Risk,19.65
488,0,52.55,Two year,DSL,71.0,High Risk,52.55
322,1,44.8,Month-to-month,DSL,71.0,High Risk,44.8
359,42,97.1,One year,Fiber optic,70.0,High Risk,97.1
557,38,70.6,One year,DSL,69.0,High Risk,70.6
211,1,25.25,Month-to-month,DSL,69.0,High Risk,25.25
1117,52,89.45,Two year,Fiber optic,69.0,High Risk,89.45
798,1,20.0,Month-to-month,No,69.0,High Risk,20.0
383,1,90.85,Month-to-month,Fiber optic,69.0,High Risk,90.85
1118,48,105.25,Month-to-month,Fiber optic,69.0,High Risk,105.25
156,22,84.15,Month-to-month,Fiber optic,69.0,High Risk,84.15
847,12,33.15,One year,DSL,69.0,High Risk,33.15
29,17,64.7,Month-to-month,DSL,69.0,High Risk,64.7
1093,71,100.45,Two year,Fiber optic,69.0,High Risk,100.45
571,47,59.6,Two year,DSL,69.0,High Risk,59.6
484,8,83.55,Month-to-month,Fiber optic,68.0,High Risk,83.55
1399,14,19.55,One year,No,68.0,High Risk,19.55
743,61,24.1,Two year,No,68.0,High Risk,24.1
817,55,103.7,One year,Fiber optic,68.0,High Risk,103.7
1058,2,89.55,Month-to-month,Fiber optic,67.8,High Risk,89.55
1298,24,57.6,One year,DSL,67.0,High Risk,57.6
674,52,49.15,Month-to-month,DSL,67.0,High Risk,49.15
370,33,20.6,One year,No,67.0,High Risk,20.6
1215,3,80.3,Month-to-month,Fiber optic,67.0,High Risk,80.3
1074,1,21.1,Month-to-month,No,67.0,High Risk,21.1
1373,1,19.85,Month-to-month,No,67.0,High Risk,19.85
20,1,39.65,Month-to-month,DSL,67.0,High Risk,39.65
1084,52,19.6,One year,No,66.0,High Risk,19.6
321,72,60.0,Two year,DSL,66.0,High Risk,60.0
1250,56,103.2,Two year,Fiber optic,66.0,High Risk,103.2
1334,1,25.2,Month-to-month,DSL,66.0,High Risk,25.2
725,9,21.25,Month-to-month,No,66.0,High Risk,21.25
1048,29,19.8,One year,No,66.0,High Risk,19.8
634,40,54.55,One year,DSL,66.0,High Risk,54.55
502,70,65.2,One year,DSL,65.5,High Risk,65.2
1229,61,75.35,Two year,DSL,65.0,High Risk,75.35
1007,2,68.95,Month-to-month,Fiber optic,65.0,High Risk,68.95
880,10,110.1,Month-to-month,Fiber optic,65.0,High Risk,110.1
1217,62,23.75,One year,No,65.0,High Risk,23.75
1056,5,80.0,Month-to-month,Fiber optic,65.0,High Risk,80.0
285,22,76.0,One year,Fiber optic,65.0,High Risk,76.0
1148,2,95.15,Month-to-month,Fiber optic,65.0,High Risk,95.15
45,49,84.5,Month-to-month,Fiber optic,65.0,High Risk,84.5
27,1,30.2,Month-to-month,DSL,65.0,High Risk,30.2
949,35,20.5,Two year,No,65.0,High Risk,20.5
882,6,83.9,Month-to-month,Fiber optic,65.0,High Risk,83.9
1171,60,94.4,One year,Fiber optic,65.0,High Risk,94.4
264,45,113.3,One year,Fiber optic,64.3,High Risk,113.3
921,12,20.45,Month-to-month,No,64.0,High Risk,20.45
493,61,64.05,One year,DSL,64.0,High Risk,64.05
245,4,75.35,Month-to-month,Fiber optic,64.0,High Risk,75.35
948,35,99.05,Month-to-month,Fiber optic,64.0,High Risk,99.05
685,1,49.9,Month-to-month,DSL,63.0,High Risk,49.9
670,53,19.85,One year,No,63.0,High Risk,19.85
938,65,108.05,One year,Fiber optic,63.0,High Risk,108.05
36,5,69.7,Month-to-month,Fiber optic,63.0,High Risk,69.7
1172,32,100.4,Month-to-month,Fiber optic,63.0,High Risk,100.4
319,35,91.5,Month-to-month,Fiber optic,63.0,High Risk,91.5
1300,72,110.6,Two year,Fiber optic,63.0,High Risk,110.6
113,37,76.5,Month-to-month,Fiber optic,62.0,High Risk,76.5
100,1,20.2,Month-to-month,No,62.0,High Risk,20.2
1249,1,45.05,Month-to-month,DSL,62.0,High Risk,45.05
192,69,19.75,Two year,No,62.0,High Risk,19.75
573,56,100.3,One year,Fiber optic,62.0,High Risk,100.3
1139,14,19.65,One year,No,62.0,High Risk,19.65
684,1,71.1,Month-to-month,Fiber optic,62.0,High Risk,71.1
17,71,106.7,Two year,Fiber optic,62.0,High Risk,106.7
603,46,108.65,Two year,Fiber optic,61.0,High Risk,108.65
1082,0,25.75,Two year,No,61.0,High Risk,25.75
174,32,20.55,One year,No,61.0,High Risk,20.55
1158,60,94.1,Month-to-month,Fiber optic,60.5,High Risk,94.1
327,2,70.35,Month-to-month,Fiber optic,60.0,Medium Risk,70.35
589,71,90.4,Two year,DSL,60.0,Medium Risk,90.4
369,72,112.6,Two year,Fiber optic,59.0,Medium Risk,112.6
1338,1,20.15,Month-to-month,No,59.0,Medium Risk,20.15
523,23,75.6,Month-to-month,Fiber optic,59.0,Medium Risk,75.6
707,27,104.65,One year,Fiber optic,59.0,Medium Risk,104.65
760,1,20.8,Month-to-month,No,59.0,Medium Risk,20.8
389,1,44.0,Month-to-month,DSL,59.0,Medium Risk,44.0
950,2,44.95,Month-to-month,DSL,59.0,Medium Risk,44.95
1187,71,104.05,Two year,Fiber optic,58.0,Medium Risk,104.05
639,10,85.25,Month-to-month,Fiber optic,58.0,Medium Risk,85.25
228,30,89.9,Month-to-month,Fiber optic,58.0,Medium Risk,89.9
966,7,19.25,Month-to-month,No,58.0,Medium Risk,19.25
601,2,19.95,One year,No,58.0,Medium Risk,19.95
1382,46,24.95,One year,No,58.0,Medium Risk,24.95
1207,9,69.4,Month-to-month,DSL,58.0,Medium Risk,69.4
712,58,24.7,Two year,No,58.0,Medium Risk,24.7
1388,12,58.35,Month-to-month,DSL,57.0,Medium Risk,58.35
993,10,26.1,Two year,No,57.0,Medium Risk,26.1
111,52,57.95,One year,DSL,57.0,Medium Risk,57.95
408,1,19.9,Month-to-month,No,57.0,Medium Risk,19.9
426,52,105.1,One year,Fiber optic,57.0,Medium Risk,105.1
1377,72,82.3,Two year,DSL,57.0,Medium Risk,82.3
266,50,24.9,Two year,No,57.0,Medium Risk,24.9
55,18,95.45,Month-to-month,Fiber optic,57.0,Medium Risk,95.45
1320,32,94.8,One year,Fiber optic,57.0,Medium Risk,94.8
663,65,69.55,Two year,DSL,57.0,Medium Risk,69.55
114,64,54.6,Two year,DSL,57.0,Medium Risk,54.6
619,7,78.55,Month-to-month,Fiber optic,56.8,Medium Risk,78.55
855,62,100.15,One year,Fiber optic,56.8,Medium Risk,100.15
387,42,54.75,One year,DSL,56.0,Medium Risk,54.75
1225,16,49.95,Month-to-month,DSL,56.0,Medium Risk,49.95
591,46,24.9,One year,No,56.0,Medium Risk,24.9
508,6,80.5,Month-to-month,Fiber optic,56.0,Medium Risk,80.5
976,1,69.9,Month-to-month,Fiber optic,56.0,Medium Risk,69.9
196,24,24.1,Two year,No,56.0,Medium Risk,24.1
1102,3,56.15,Month-to-month,DSL,56.0,Medium Risk,56.15
997,4,94.3,Month-to-month,Fiber optic,56.0,Medium Risk,94.3
801,10,98.5,Month-to-month,Fiber optic,56.0,Medium Risk,98.5
491,2,59.0,Month-to-month,DSL,56.0,Medium Risk,59.0
996,34,70.0,Month-to-month,Fiber optic,55.8,Medium Risk,70.0
1333,50,35.4,One year,DSL,55.2,Medium Risk,35.4
809,1,69.55,Month-to-month,Fiber optic,55.0,Medium Risk,69.55
1346,14,87.25,Month-to-month,Fiber optic,55.0,Medium Risk,87.25
88,46,19.95,Two year,No,55.0,Medium Risk,19.95
357,64,105.25,Two year,Fiber optic,55.0,Medium Risk,105.25
863,3,95.1,Month-to-month,Fiber optic,55.0,Medium Risk,95.1
548,50,101.9,One year,Fiber optic,55.0,Medium Risk,101.9
556,1,19.9,Month-to-month,No,55.0,Medium Risk,19.9
320,54,82.45,One year,DSL,55.0,Medium Risk,82.45
116,36,31.05,Two year,DSL,55.0,Medium Risk,31.05
1224,1,45.85,Month-to-month,DSL,54.5,Medium Risk,45.85
410,3,81.35,Month-to-month,Fiber optic,54.2,Medium Risk,81.35
1106,63,97.45,Two year,Fiber optic,54.0,Medium Risk,97.45
904,67,81.35,Two year,DSL,54.0,Medium Risk,81.35
1022,5,84.7,Month-to-month,Fiber optic,54.0,Medium Risk,84.7
371,2,85.65,Month-to-month,Fiber optic,54.0,Medium Risk,85.65
280,6,55.15,Month-to-month,DSL,54.0,Medium Risk,55.15
1270,63,24.65,Two year,No,54.0,Medium Risk,24.65
818,21,111.2,Month-to-month,Fiber optic,54.0,Medium Risk,111.2
386,55,85.45,Month-to-month,Fiber optic,54.0,Medium Risk,85.45
544,13,45.55,Month-to-month,DSL,54.0,Medium Risk,45.55
572,11,64.9,One year,DSL,54.0,Medium Risk,64.9
94,72,100.9,Two year,Fiber optic,54.0,Medium Risk,100.9
231,50,93.5,Month-to-month,Fiber optic,54.0,Medium Risk,93.5
65,3,75.3,Month-to-month,DSL,54.0,Medium Risk,75.3
142,61,101.05,Two year,Fiber optic,53.8,Medium Risk,101.05
101,1,19.45,Month-to-month,No,53.0,Medium Risk,19.45
195,20,96.55,Month-to-month,Fiber optic,53.0,Medium Risk,96.55
42,17,20.75,One year,No,53.0,Medium Risk,20.75
1123,25,61.6,One year,DSL,53.0,Medium Risk,61.6
151,7,95.0,Month-to-month,Fiber optic,53.0,Medium Risk,95.0
907,19,65.35,One year,DSL,53.0,Medium Risk,65.35
980,20,19.5,Month-to-month,No,53.0,Medium Risk,19.5
539,60,80.6,Two year,DSL,53.0,Medium Risk,80.6
128,1,19.75,Month-to-month,No,53.0,Medium Risk,19.75
1368,54,84.4,One year,Fiber optic,53.0,Medium Risk,84.4
1061,72,112.4,Two year,Fiber optic,52.0,Medium Risk,112.4
1395,41,73.0,One year,DSL,52.0,Medium Risk,73.0
477,7,75.7,Month-to-month,DSL,52.0,Medium Risk,75.7
1112,71,89.85,Two year,DSL,52.0,Medium Risk,89.85
311,22,89.05,Month-to-month,Fiber optic,52.0,Medium Risk,89.05
449,72,105.5,Two year,Fiber optic,52.0,Medium Risk,105.5
958,25,81.75,Month-to-month,DSL,52.0,Medium Risk,81.75
799,62,96.75,One year,Fiber optic,52.0,Medium Risk,96.75
960,7,29.8,Month-to-month,DSL,52.0,Medium Risk,29.8
830,50,108.55,One year,Fiber optic,52.0,Medium Risk,108.55
1186,58,61.05,One year,DSL,52.0,Medium Risk,61.05
1191,35,69.15,Two year,DSL,52.0,Medium Risk,69.15
1269,62,115.55,Two year,Fiber optic,52.0,Medium Risk,115.55
159,10,25.7,Two year,No,52.0,Medium Risk,25.7
1267,64,76.1,Two year,DSL,52.0,Medium Risk,76.1
336,43,104.6,Two year,Fiber optic,51.2,Medium Risk,104.6
928,68,103.75,Two year,Fiber optic,51.1,Medium Risk,103.75
275,5,85.4,Month-to-month,Fiber optic,51.0,Medium Risk,85.4
1390,72,68.75,Two year,DSL,51.0,Medium Risk,68.75
569,11,40.4,One year,DSL,51.0,Medium Risk,40.4
296,71,76.05,Two year,Fiber optic,51.0,Medium Risk,76.05
1208,1,80.25,Month-to-month,Fiber optic,51.0,Medium Risk,80.25
925,32,76.3,Month-to-month,DSL,51.0,Medium Risk,76.3
734,27,90.15,Month-to-month,Fiber optic,51.0,Medium Risk,90.15
1140,13,88.95,Two year,DSL,51.0,Medium Risk,88.95
1012,9,95.9,Month-to-month,Fiber optic,51.0,Medium Risk,95.9
1019,23,19.5,Month-to-month,No,50.3,Medium Risk,19.5
1064,14,55.7,One year,DSL,50.2,Medium Risk,55.7
718,26,50.35,Month-to-month,DSL,50.0,Medium Risk,50.35
349,64,97.0,One year,Fiber optic,50.0,Medium Risk,97.0
284,18,95.15,Month-to-month,Fiber optic,50.0,Medium Risk,95.15
187,3,30.4,Month-to-month,DSL,50.0,Medium Risk,30.4
514,30,95.0,Month-to-month,Fiber optic,50.0,Medium Risk,95.0
1236,3,76.95,Month-to-month,Fiber optic,50.0,Medium Risk,76.95
1233,70,24.7,Two year,No,50.0,Medium Risk,24.7
372,24,35.75,Two year,DSL,50.0,Medium Risk,35.75
668,4,45.65,Month-to-month,DSL,49.0,Medium Risk,45.65
422,29,100.55,One year,Fiber optic,49.0,Medium Risk,100.55
559,1,49.3,Month-to-month,DSL,49.0,Medium Risk,49.3
1078,59,79.2,Two year,Fiber optic,49.0,Medium Risk,79.2
246,41,65.0,One year,DSL,49.0,Medium Risk,65.0
46,2,49.25,Month-to-month,DSL,49.0,Medium Risk,49.25
392,2,44.3,Month-to-month,DSL,49.0,Medium Risk,44.3
1173,1,19.85,Month-to-month,No,49.0,Medium Risk,19.85
72,64,111.6,Two year,Fiber optic,49.0,Medium Risk,111.6
302,4,90.4,Month-to-month,Fiber optic,49.0,Medium Risk,90.4
194,59,19.3,Two year,No,49.0,Medium Risk,19.3
763,72,66.85,Two year,DSL,49.0,Medium Risk,66.85
1120,20,70.55,Month-to-month,Fiber optic,49.0,Medium Risk,70.55
411,46,24.45,One year,No,49.0,Medium Risk,24.45
1146,29,35.6,One year,DSL,49.0,Medium Risk,35.6
26,47,99.35,Month-to-month,Fiber optic,49.0,Medium Risk,99.35
1126,7,74.65,Month-to-month,Fiber optic,49.0,Medium Risk,74.65
425,55,51.65,Month-to-month,DSL,48.6,Medium Risk,51.65
688,52,30.1,One year,DSL,48.0,Medium Risk,30.1
552,55,19.35,Two year,No,48.0,Medium Risk,19.35
1391,29,85.8,Month-to-month,Fiber optic,48.0,Medium Risk,85.8
241,72,109.2,Two year,Fiber optic,48.0,Medium Risk,109.2
641,43,56.15,Month-to-month,DSL,48.0,Medium Risk,56.15
1104,42,19.55,One year,No,48.0,Medium Risk,19.55
490,63,104.8,Two year,Fiber optic,48.0,Medium Risk,104.8
459,1,75.1,Month-to-month,Fiber optic,48.0,Medium Risk,75.1
456,28,92.9,One year,Fiber optic,48.0,Medium Risk,92.9
854,68,20.5,Two year,No,48.0,Medium Risk,20.5
480,11,19.65,Two year,No,47.0,Medium Risk,19.65
1094,41,68.5,One year,DSL,47.0,Medium Risk,68.5
833,37,88.8,Month-to-month,Fiber optic,47.0,Medium Risk,88.8
957,4,56.75,Month-to-month,DSL,47.0,Medium Risk,56.75
628,72,111.65,Two year,Fiber optic,47.0,Medium Risk,111.65
555,56,68.75,One year,DSL,46.0,Medium Risk,68.75
758,15,85.9,Month-to-month,Fiber optic,46.0,Medium Risk,85.9
622,40,85.05,One year,Fiber optic,46.0,Medium Risk,85.05
723,3,45.35,Month-to-month,DSL,46.0,Medium Risk,45.35
30,71,96.35,Two year,Fiber optic,46.0,Medium Risk,96.35
1073,7,98.05,Month-to-month,Fiber optic,46.0,Medium Risk,98.05
180,1,29.95,Month-to-month,DSL,46.0,Medium Risk,29.95
1396,64,100.05,One year,Fiber optic,46.0,Medium Risk,100.05
1035,66,25.1,Two year,No,46.0,Medium Risk,25.1
1067,24,89.25,Month-to-month,Fiber optic,45.5,Medium Risk,89.25
729,65,74.2,Two year,DSL,45.0,Medium Risk,74.2
1200,37,104.5,One year,Fiber optic,45.0,Medium Risk,104.5
896,71,116.1,Two year,Fiber optic,45.0,Medium Risk,116.1
770,11,20.45,Month-to-month,No,45.0,Medium Risk,20.45
525,52,91.25,One year,Fiber optic,45.0,Medium Risk,91.25
936,0,80.85,Two year,DSL,45.0,Medium Risk,80.85
645,20,94.55,Month-to-month,Fiber optic,45.0,Medium Risk,94.55
1159,3,80.4,Month-to-month,Fiber optic,45.0,Medium Risk,80.4
821,43,79.15,Two year,DSL,45.0,Medium Risk,79.15
1295,70,80.6,Two year,DSL,45.0,Medium Risk,80.6
244,13,54.8,Month-to-month,DSL,45.0,Medium Risk,54.8
826,7,95.6,Month-to-month,Fiber optic,44.0,Medium Risk,95.6
527,58,94.7,One year,Fiber optic,44.0,Medium Risk,94.7
90,30,82.05,Month-to-month,Fiber optic,44.0,Medium Risk,82.05
373,56,99.75,One year,Fiber optic,44.0,Medium Risk,99.75
888,37,91.2,One year,Fiber optic,44.0,Medium Risk,91.2
218,65,84.2,Two year,DSL,44.0,Medium Risk,84.2
530,24,21.1,Two year,No,44.0,Medium Risk,21.1
1038,56,80.9,One year,Fiber optic,44.0,Medium Risk,80.9
413,51,87.35,Month-to-month,Fiber optic,44.0,Medium Risk,87.35
866,62,39.0,Two year,DSL,44.0,Medium Risk,39.0
198,72,112.25,Two year,Fiber optic,44.0,Medium Risk,112.25
178,15,105.35,Month-to-month,Fiber optic,43.0,Medium Risk,105.35
64,9,94.4,Month-to-month,Fiber optic,43.0,Medium Risk,94.4
1101,20,20.0,Month-to-month,No,43.0,Medium Risk,20.0
9,62,56.15,One year,DSL,43.0,Medium Risk,56.15
381,1,50.65,Month-to-month,DSL,43.0,Medium Risk,50.65
1349,51,49.65,Month-to-month,DSL,43.0,Medium Risk,49.65
96,71,66.85,One year,DSL,43.0,Medium Risk,66.85
1049,1,19.65,Month-to-month,No,43.0,Medium Risk,19.65
1374,45,84.35,Two year,DSL,43.0,Medium Risk,84.35
1246,45,105.15,Month-to-month,Fiber optic,43.0,Medium Risk,105.15
479,15,69.0,Month-to-month,Fiber optic,43.0,Medium Risk,69.0
290,24,76.1,Month-to-month,Fiber optic,43.0,Medium Risk,76.1
175,34,24.7,Month-to-month,No,42.0,Medium Risk,24.7
1119,70,59.5,Two year,DSL,42.0,Medium Risk,59.5
155,14,80.9,Month-to-month,Fiber optic,42.0,Medium Risk,80.9
653,17,24.8,Month-to-month,No,42.0,Medium Risk,24.8
1157,62,97.95,One year,Fiber optic,42.0,Medium Risk,97.95
288,8,74.5,Month-to-month,Fiber optic,42.0,Medium Risk,74.5
183,33,74.75,One year,DSL,42.0,Medium Risk,74.75
648,2,89.5,Month-to-month,Fiber optic,42.0,Medium Risk,89.5
229,47,85.3,Two year,DSL,42.0,Medium Risk,85.3
1330,22,56.25,One year,DSL,42.0,Medium Risk,56.25
686,51,24.6,One year,No,41.0,Medium Risk,24.6
239,16,19.75,Two year,No,41.0,Medium Risk,19.75
82,7,75.15,Month-to-month,Fiber optic,41.0,Medium Risk,75.15
906,4,56.4,Month-to-month,DSL,41.0,Medium Risk,56.4
1192,7,90.45,Month-to-month,Fiber optic,41.0,Medium Risk,90.45
1001,27,75.5,Month-to-month,Fiber optic,41.0,Medium Risk,75.5
222,1,20.2,One year,No,41.0,Medium Risk,20.2
273,20,107.05,Month-to-month,Fiber optic,41.0,Medium Risk,107.05
989,34,19.6,One year,No,41.0,Medium Risk,19.6
269,71,24.25,Two year,No,41.0,Medium Risk,24.25
93,65,111.05,Month-to-month,Fiber optic,41.0,Medium Risk,111.05
54,60,74.85,One year,DSL,41.0,Medium Risk,74.85
83,42,103.8,Month-to-month,Fiber optic,41.0,Medium Risk,103.8
700,66,63.3,Two year,DSL,40.0,Medium Risk,63.3
157,22,20.15,One year,No,40.0,Medium Risk,20.15
914,72,25.2,Two year,No,40.0,Medium Risk,25.2
5,8,99.65,Month-to-month,Fiber optic,40.0,Medium Risk,99.65
462,4,101.15,Month-to-month,Fiber optic,40.0,Medium Risk,101.15
1307,36,75.55,One year,DSL,40.0,Medium Risk,75.55
994,13,20.0,Two year,No,40.0,Medium Risk,20.0
77,8,54.65,Month-to-month,DSL,40.0,Medium Risk,54.65
1352,72,60.95,Two year,DSL,40.0,Medium Risk,60.95
783,1,52.2,Month-to-month,DSL,39.0,Medium Risk,52.2
1271,53,53.6,One year,DSL,39.0,Medium Risk,53.6
741,2,80.45,Month-to-month,Fiber optic,39.0,Medium Risk,80.45
423,44,25.7,One year,No,39.0,Medium Risk,25.7
1150,41,40.35,Month-to-month,DSL,39.0,Medium Risk,40.35
295,1,20.25,Month-to-month,No,39.0,Medium Risk,20.25
1190,38,104.85,One year,Fiber optic,39.0,Medium Risk,104.85
102,38,95.0,One year,Fiber optic,39.0,Medium Risk,95.0
857,1,50.8,Month-to-month,DSL,39.0,Medium Risk,50.8
878,60,64.75,One year,DSL,38.0,Medium Risk,64.75
1163,12,89.75,Month-to-month,Fiber optic,38.0,Medium Risk,89.75
499,12,99.7,Month-to-month,Fiber optic,38.0,Medium Risk,99.7
898,12,98.9,Month-to-month,Fiber optic,38.0,Medium Risk,98.9
978,62,103.75,One year,Fiber optic,38.0,Medium Risk,103.75
775,72,110.65,Two year,Fiber optic,38.0,Medium Risk,110.65
249,42,99.0,One year,Fiber optic,38.0,Medium Risk,99.0
576,31,98.05,One year,Fiber optic,38.0,Medium Risk,98.05
856,72,86.05,Two year,DSL,38.0,Medium Risk,86.05
726,22,26.25,Two year,No,38.0,Medium Risk,26.25
881,26,19.3,One year,No,38.0,Medium Risk,19.3
220,4,70.15,Month-to-month,Fiber optic,38.0,Medium Risk,70.15
91,1,74.7,Month-to-month,Fiber optic,38.0,Medium Risk,74.7
1294,6,44.75,Month-to-month,DSL,38.0,Medium Risk,44.75
208,19,106.6,Month-to-month,Fiber optic,37.7,Medium Risk,106.6
852,2,24.85,Month-to-month,No,37.0,Medium Risk,24.85
153,62,86.1,Two year,DSL,37.0,Medium Risk,86.1
929,30,86.45,One year,Fiber optic,37.0,Medium Risk,86.45
1220,17,65.75,Month-to-month,DSL,37.0,Medium Risk,65.75
215,57,58.75,Month-to-month,DSL,37.0,Medium Risk,58.75
131,25,58.6,Month-to-month,DSL,37.0,Medium Risk,58.6
935,4,83.25,Month-to-month,Fiber optic,37.0,Medium Risk,83.25
967,3,20.85,Month-to-month,No,36.0,Medium Risk,20.85
561,3,23.6,Month-to-month,No,36.0,Medium Risk,23.6
1149,13,96.65,Month-to-month,Fiber optic,36.0,Medium Risk,96.65
1182,57,53.75,Month-to-month,DSL,36.0,Medium Risk,53.75
1202,53,94.25,One year,Fiber optic,36.0,Medium Risk,94.25
481,48,45.3,Month-to-month,DSL,36.0,Medium Risk,45.3
170,43,84.25,One year,Fiber optic,36.0,Medium Risk,84.25
981,40,19.6,Two year,No,36.0,Medium Risk,19.6
1364,51,85.5,Two year,DSL,36.0,Medium Risk,85.5
6,22,89.1,Month-to-month,Fiber optic,36.0,Medium Risk,89.1
1339,66,105.0,Month-to-month,Fiber optic,36.0,Medium Risk,105.0
343,63,20.5,One year,No,36.0,Medium Risk,20.5
1135,72,114.65,Two year,Fiber optic,36.0,Medium Risk,114.65
865,4,80.6,Month-to-month,Fiber optic,36.0,Medium Risk,80.6
318,24,93.15,Month-to-month,Fiber optic,35.0,Medium Risk,93.15
689,51,83.4,Month-to-month,Fiber optic,35.0,Medium Risk,83.4
658,2,19.85,One year,No,35.0,Medium Risk,19.85
272,1,24.8,Month-to-month,DSL,35.0,Medium Risk,24.8
829,34,44.85,Month-to-month,DSL,35.0,Medium Risk,44.85
765,11,35.8,Month-to-month,DSL,35.0,Medium Risk,35.8
126,27,78.05,Month-to-month,Fiber optic,35.0,Medium Risk,78.05
139,1,70.45,Month-to-month,Fiber optic,35.0,Medium Risk,70.45
1360,13,95.05,Month-to-month,Fiber optic,35.0,Medium Risk,95.05
1010,3,50.15,Month-to-month,DSL,35.0,Medium Risk,50.15
842,12,19.8,One year,No,35.0,Medium Risk,19.8
870,72,98.2,Two year,Fiber optic,34.0,Medium Risk,98.2
1091,29,75.35,One year,DSL,34.0,Medium Risk,75.35
149,15,69.5,Month-to-month,DSL,34.0,Medium Risk,69.5
1347,19,19.95,Two year,No,34.0,Medium Risk,19.95
378,61,89.65,Two year,DSL,34.0,Medium Risk,89.65
1354,18,88.35,Month-to-month,Fiber optic,34.0,Medium Risk,88.35
1160,23,95.1,Month-to-month,Fiber optic,34.0,Medium Risk,95.1
1005,53,95.85,One year,Fiber optic,34.0,Medium Risk,95.85
1216,54,20.4,Two year,No,34.0,Medium Risk,20.4
259,29,45.0,Month-to-month,DSL,34.0,Medium Risk,45.0
717,32,85.65,Month-to-month,Fiber optic,34.0,Medium Risk,85.65
263,31,49.85,Two year,DSL,34.0,Medium Risk,49.85
982,39,47.85,One year,DSL,34.0,Medium Risk,47.85
441,49,101.55,Month-to-month,Fiber optic,33.0,Medium Risk,101.55
453,28,81.05,Month-to-month,Fiber optic,33.0,Medium Risk,81.05
501,71,80.7,Two year,Fiber optic,33.0,Medium Risk,80.7
1152,7,54.85,Month-to-month,DSL,33.0,Medium Risk,54.85
1254,55,88.8,Two year,Fiber optic,33.0,Medium Risk,88.8
308,38,101.15,Month-to-month,Fiber optic,33.0,Medium Risk,101.15
25,30,55.3,Month-to-month,DSL,33.0,Medium Risk,55.3
1206,3,70.15,Month-to-month,Fiber optic,33.0,Medium Risk,70.15
632,72,89.85,Two year,DSL,33.0,Medium Risk,89.85
1000,7,95.35,Month-to-month,Fiber optic,33.0,Medium Risk,95.35
532,2,79.95,Month-to-month,Fiber optic,33.0,Medium Risk,79.95
419,1,75.3,Month-to-month,Fiber optic,33.0,Medium Risk,75.3
483,72,108.5,One year,Fiber optic,33.0,Medium Risk,108.5
181,1,45.3,Month-to-month,DSL,33.0,Medium Risk,45.3
147,1,45.65,Month-to-month,DSL,33.0,Medium Risk,45.65
347,70,19.45,Two year,No,33.0,Medium Risk,19.45
1314,39,89.55,One year,Fiber optic,32.0,Medium Risk,89.55
104,68,110.0,Two year,Fiber optic,32.0,Medium Risk,110.0
1151,1,18.85,Month-to-month,No,32.0,Medium Risk,18.85
277,21,64.95,Month-to-month,DSL,32.0,Medium Risk,64.95
212,61,19.75,Two year,No,32.0,Medium Risk,19.75
1137,71,19.8,Two year,No,32.0,Medium Risk,19.8
188,13,19.65,One year,No,32.0,Medium Risk,19.65
1323,71,24.65,Two year,No,32.0,Medium Risk,24.65
377,25,104.95,Month-to-month,Fiber optic,32.0,Medium Risk,104.95
844,1,89.9,Month-to-month,Fiber optic,31.0,Medium Risk,89.9
999,2,70.3,Month-to-month,DSL,31.0,Medium Risk,70.3
366,23,59.95,Month-to-month,DSL,31.0,Medium Risk,59.95
917,72,65.55,Two year,DSL,31.0,Medium Risk,65.55
1312,48,70.95,One year,DSL,31.0,Medium Risk,70.95
1284,59,19.85,Two year,No,31.0,Medium Risk,19.85
403,68,55.9,One year,DSL,31.0,Medium Risk,55.9
21,12,19.8,One year,No,31.0,Medium Risk,19.8
962,8,60.9,Month-to-month,DSL,31.0,Medium Risk,60.9
977,11,75.25,Month-to-month,Fiber optic,31.0,Medium Risk,75.25
407,32,93.95,Month-to-month,Fiber optic,31.0,Medium Risk,93.95
31,2,95.5,Month-to-month,Fiber optic,31.0,Medium Risk,95.5
834,4,78.85,Month-to-month,Fiber optic,31.0,Medium Risk,78.85
103,66,45.55,One year,DSL,31.0,Medium Risk,45.55
1386,64,86.55,Two year,DSL,30.0,Low Risk,86.55
305,52,24.8,Two year,No,30.0,Low Risk,24.8
496,28,60.9,Month-to-month,DSL,30.0,Low Risk,60.9
492,2,74.4,Month-to-month,Fiber optic,30.0,Low Risk,74.4
1169,70,44.05,One year,DSL,30.0,Low Risk,44.05
497,70,19.8,Two year,No,30.0,Low Risk,19.8
560,56,107.25,One year,Fiber optic,30.0,Low Risk,107.25
1235,61,98.3,One year,Fiber optic,30.0,Low Risk,98.3
53,8,80.65,Month-to-month,Fiber optic,30.0,Low Risk,80.65
714,72,25.4,Two year,No,30.0,Low Risk,25.4
913,12,20.05,One year,No,30.0,Low Risk,20.05
787,34,60.85,Month-to-month,DSL,29.0,Low Risk,60.85
1243,1,45.3,Month-to-month,DSL,29.0,Low Risk,45.3
1275,55,56.8,Two year,DSL,29.0,Low Risk,56.8
1291,8,75.0,Month-to-month,Fiber optic,29.0,Low Risk,75.0
1125,39,105.65,Month-to-month,Fiber optic,29.0,Low Risk,105.65
745,72,110.8,Two year,Fiber optic,29.0,Low Risk,110.8
874,45,99.7,Two year,Fiber optic,29.0,Low Risk,99.7
478,5,96.1,Month-to-month,Fiber optic,29.0,Low Risk,96.1
238,11,95.0,Month-to-month,Fiber optic,29.0,Low Risk,95.0
776,3,40.3,Month-to-month,DSL,29.0,Low Risk,40.3
260,3,41.15,Month-to-month,DSL,29.0,Low Risk,41.15
806,18,55.2,Month-to-month,DSL,29.0,Low Risk,55.2
1076,58,24.5,One year,No,29.0,Low Risk,24.5
364,18,75.9,Month-to-month,Fiber optic,29.0,Low Risk,75.9
1071,2,49.05,Month-to-month,DSL,29.0,Low Risk,49.05
956,71,25.45,Two year,No,28.0,Low Risk,25.45
1155,70,76.1,Two year,DSL,28.0,Low Risk,76.1
543,10,86.05,Month-to-month,Fiber optic,28.0,Low Risk,86.05
522,55,85.5,Month-to-month,Fiber optic,28.0,Low Risk,85.5
613,44,109.8,One year,Fiber optic,28.0,Low Risk,109.8
1277,72,20.1,Two year,No,28.0,Low Risk,20.1
3,45,42.3,One year,DSL,28.0,Low Risk,42.3
1085,13,74.3,Month-to-month,Fiber optic,28.0,Low Risk,74.3
431,72,65.2,Two year,DSL,28.0,Low Risk,65.2
1036,68,114.7,Two year,Fiber optic,28.0,Low Risk,114.7
635,65,105.5,Month-to-month,Fiber optic,28.0,Low Risk,105.5
909,71,111.25,Two year,Fiber optic,28.0,Low Risk,111.25
1366,10,85.6,Month-to-month,Fiber optic,28.0,Low Risk,85.6
1017,64,24.4,One year,No,28.0,Low Risk,24.4
301,4,95.45,Month-to-month,Fiber optic,27.0,Low Risk,95.45
786,72,55.3,Two year,DSL,27.0,Low Risk,55.3
324,69,60.05,Two year,DSL,27.0,Low Risk,60.05
237,18,73.15,Month-to-month,Fiber optic,27.0,Low Risk,73.15
243,65,94.4,Month-to-month,Fiber optic,27.0,Low Risk,94.4
1255,2,30.9,Month-to-month,DSL,27.0,Low Risk,30.9
254,10,19.85,Month-to-month,No,27.0,Low Risk,19.85
1381,2,70.7,Month-to-month,Fiber optic,27.0,Low Risk,70.7
117,10,100.25,Month-to-month,Fiber optic,27.0,Low Risk,100.25
473,24,53.6,Month-to-month,DSL,27.0,Low Risk,53.6
864,22,94.65,Month-to-month,Fiber optic,27.0,Low Risk,94.65
374,37,96.1,Month-to-month,Fiber optic,27.0,Low Risk,96.1
860,26,19.8,One year,No,26.0,Low Risk,19.8
598,51,90.35,One year,Fiber optic,26.0,Low Risk,90.35
200,27,101.9,One year,Fiber optic,26.0,Low Risk,101.9
1247,24,83.15,One year,Fiber optic,26.0,Low Risk,83.15
356,16,54.1,Month-to-month,DSL,26.0,Low Risk,54.1
893,1,24.6,Month-to-month,DSL,26.0,Low Risk,24.6
592,63,83.5,Two year,DSL,26.0,Low Risk,83.5
1251,1,75.8,Month-to-month,Fiber optic,26.0,Low Risk,75.8
270,16,94.45,Month-to-month,Fiber optic,26.0,Low Risk,94.45
49,69,64.15,Two year,DSL,26.0,Low Risk,64.15
282,1,25.4,Month-to-month,No,26.0,Low Risk,25.4
766,22,78.85,Month-to-month,Fiber optic,26.0,Low Risk,78.85
892,32,81.1,Month-to-month,Fiber optic,26.0,Low Risk,81.1
1179,43,94.3,Month-to-month,Fiber optic,26.0,Low Risk,94.3
1384,22,69.25,Month-to-month,Fiber optic,26.0,Low Risk,69.25
257,50,114.35,One year,Fiber optic,26.0,Low Risk,114.35
1181,21,60.05,Month-to-month,DSL,25.5,Low Risk,60.05
185,1,24.8,Month-to-month,DSL,25.0,Low Risk,24.8
607,51,47.85,One year,DSL,25.0,Low Risk,47.85
789,72,69.65,Two year,DSL,25.0,Low Risk,69.65
286,20,44.35,Month-to-month,DSL,25.0,Low Risk,44.35
268,59,19.35,Two year,No,25.0,Low Risk,19.35
910,10,72.85,Month-to-month,Fiber optic,25.0,Low Risk,72.85
127,72,23.55,Two year,No,25.0,Low Risk,23.55
133,1,35.45,Month-to-month,DSL,25.0,Low Risk,35.45
916,23,75.4,Month-to-month,Fiber optic,25.0,Low Risk,75.4
217,66,56.6,Two year,DSL,25.0,Low Risk,56.6
1372,23,95.3,Month-to-month,Fiber optic,25.0,Low Risk,95.3
236,10,29.6,Two year,DSL,25.0,Low Risk,29.6
1280,72,114.85,Two year,Fiber optic,25.0,Low Risk,114.85
699,72,66.5,Two year,DSL,25.0,Low Risk,66.5
1309,18,85.2,Month-to-month,Fiber optic,25.0,Low Risk,85.2
1378,58,66.8,Month-to-month,DSL,25.0,Low Risk,66.8
625,25,95.15,Month-to-month,Fiber optic,24.0,Low Risk,95.15
1052,40,80.75,One year,DSL,24.0,Low Risk,80.75
773,5,88.9,Month-to-month,Fiber optic,24.0,Low Risk,88.9
521,29,51.6,Month-to-month,DSL,24.0,Low Risk,51.6
1331,1,25.15,Month-to-month,DSL,24.0,Low Risk,25.15
666,2,69.65,Month-to-month,Fiber optic,24.0,Low Risk,69.65
565,71,70.85,Two year,DSL,24.0,Low Risk,70.85
1292,62,84.5,Two year,DSL,24.0,Low Risk,84.5
1313,47,109.55,Month-to-month,Fiber optic,24.0,Low Risk,109.55
908,8,19.95,Month-to-month,No,24.0,Low Risk,19.95
831,38,25.05,Two year,No,24.0,Low Risk,25.05
197,59,111.35,Month-to-month,Fiber optic,24.0,Low Risk,111.35
899,50,94.4,Month-to-month,Fiber optic,24.0,Low Risk,94.4
562,7,69.7,Month-to-month,DSL,24.0,Low Risk,69.7
820,61,106.35,Month-to-month,Fiber optic,24.0,Low Risk,106.35
52,25,69.5,Month-to-month,DSL,23.5,Low Risk,69.5
1231,20,64.4,Month-to-month,DSL,23.0,Low Risk,64.4
875,3,34.8,Month-to-month,DSL,23.0,Low Risk,34.8
1212,7,69.55,Month-to-month,Fiber optic,23.0,Low Risk,69.55
1257,45,34.2,One year,DSL,23.0,Low Risk,34.2
445,60,105.9,Month-to-month,Fiber optic,23.0,Low Risk,105.9
515,40,104.8,Month-to-month,Fiber optic,23.0,Low Risk,104.8
443,18,64.8,Month-to-month,DSL,23.0,Low Risk,64.8
148,30,64.5,One year,DSL,23.0,Low Risk,64.5
1304,15,85.6,Month-to-month,Fiber optic,23.0,Low Risk,85.6
927,13,81.15,Month-to-month,Fiber optic,23.0,Low Risk,81.15
988,27,19.15,Month-to-month,No,23.0,Low Risk,19.15
415,16,73.25,Month-to-month,Fiber optic,23.0,Low Risk,73.25
731,5,20.35,Month-to-month,No,23.0,Low Risk,20.35
258,2,44.6,Month-to-month,DSL,23.0,Low Risk,44.6
489,1,74.35,Month-to-month,Fiber optic,23.0,Low Risk,74.35
650,3,69.55,Month-to-month,Fiber optic,23.0,Low Risk,69.55
1369,33,60.9,Month-to-month,DSL,22.7,Low Risk,60.9
1027,47,94.9,One year,Fiber optic,22.0,Low Risk,94.9
221,71,24.75,Two year,No,22.0,Low Risk,24.75
132,67,50.55,Two year,DSL,22.0,Low Risk,50.55
945,3,74.4,Month-to-month,Fiber optic,22.0,Low Risk,74.4
63,18,54.4,One year,DSL,22.0,Low Risk,54.4
1032,8,92.1,Month-to-month,Fiber optic,22.0,Low Risk,92.1
695,1,20.65,Month-to-month,No,22.0,Low Risk,20.65
1311,42,45.1,One year,DSL,22.0,Low Risk,45.1
471,1,55.0,Month-to-month,DSL,22.0,Low Risk,55.0
1302,45,81.0,Two year,DSL,22.0,Low Risk,81.0
232,1,84.6,Month-to-month,Fiber optic,22.0,Low Risk,84.6
66,47,78.9,One year,Fiber optic,22.0,Low Risk,78.9
1201,12,49.4,Month-to-month,DSL,22.0,Low Risk,49.4
470,17,20.65,One year,No,22.0,Low Risk,20.65
520,67,105.4,One year,Fiber optic,22.0,Low Risk,105.4
18,10,55.2,Month-to-month,DSL,22.0,Low Risk,55.2
923,63,79.7,One year,DSL,22.0,Low Risk,79.7
167,72,89.05,Two year,DSL,21.0,Low Risk,89.05
1029,3,88.3,Month-to-month,Fiber optic,21.0,Low Risk,88.3
1351,11,20.45,Month-to-month,No,21.0,Low Risk,20.45
716,71,58.25,Two year,DSL,21.0,Low Risk,58.25
1045,43,99.3,Month-to-month,Fiber optic,21.0,Low Risk,99.3
1042,14,70.2,Month-to-month,Fiber optic,21.0,Low Risk,70.2
439,1,55.05,Month-to-month,DSL,21.0,Low Risk,55.05
1362,4,70.2,Month-to-month,Fiber optic,21.0,Low Risk,70.2
577,9,70.5,Month-to-month,Fiber optic,21.0,Low Risk,70.5
840,55,100.0,One year,Fiber optic,21.0,Low Risk,100.0
575,61,81.05,Two year,DSL,21.0,Low Risk,81.05
355,10,80.25,Month-to-month,Fiber optic,21.0,Low Risk,80.25
112,43,91.65,Month-to-month,Fiber optic,21.0,Low Risk,91.65
1279,25,20.95,One year,No,21.0,Low Risk,20.95
380,41,86.2,One year,Fiber optic,21.0,Low Risk,86.2
737,70,101.0,Two year,Fiber optic,21.0,Low Risk,101.0
1363,72,92.0,Two year,DSL,21.0,Low Risk,92.0
778,59,107.0,One year,Fiber optic,20.0,Low Risk,107.0
972,58,70.1,Two year,DSL,20.0,Low Risk,70.1
1359,9,94.75,Month-to-month,Fiber optic,20.0,Low Risk,94.75
365,5,96.5,Month-to-month,Fiber optic,20.0,Low Risk,96.5
517,5,70.05,Month-to-month,Fiber optic,20.0,Low Risk,70.05
595,12,61.65,Month-to-month,DSL,20.0,Low Risk,61.65
553,23,25.6,Two year,No,20.0,Low Risk,25.6
1241,30,64.5,Month-to-month,DSL,20.0,Low Risk,64.5
402,69,99.45,Month-to-month,Fiber optic,20.0,Low Risk,99.45
1113,37,78.95,Month-to-month,Fiber optic,20.0,Low Risk,78.95
810,58,103.25,One year,Fiber optic,20.0,Low Risk,103.25
418,22,83.3,Month-to-month,Fiber optic,20.0,Low Risk,83.3
210,2,46.0,Month-to-month,DSL,20.0,Low Risk,46.0
1075,59,96.65,Month-to-month,Fiber optic,20.0,Low Risk,96.65
1107,69,24.25,Two year,No,20.0,Low Risk,24.25
10,13,49.95,Month-to-month,DSL,20.0,Low Risk,49.95
535,12,89.55,Month-to-month,Fiber optic,20.0,Low Risk,89.55
401,11,20.05,One year,No,19.8,Low Risk,20.05
768,41,74.25,Month-to-month,Fiber optic,19.0,Low Risk,74.25
753,0,20.25,Two year,No,19.0,Low Risk,20.25
915,1,73.55,Month-to-month,Fiber optic,19.0,Low Risk,73.55
846,65,84.85,Two year,DSL,19.0,Low Risk,84.85
884,49,35.8,One year,DSL,19.0,Low Risk,35.8
476,35,76.05,Month-to-month,DSL,19.0,Low Risk,76.05
871,57,97.55,One year,Fiber optic,19.0,Low Risk,97.55
1371,1,79.2,Month-to-month,Fiber optic,19.0,Low Risk,79.2
1132,11,104.05,Month-to-month,Fiber optic,19.0,Low Risk,104.05
199,1,20.75,Month-to-month,No,19.0,Low Risk,20.75
890,31,89.3,Month-to-month,Fiber optic,19.0,Low Risk,89.3
448,8,94.75,Month-to-month,Fiber optic,19.0,Low Risk,94.75
665,3,74.75,Month-to-month,Fiber optic,19.0,Low Risk,74.75
807,71,108.55,Two year,Fiber optic,19.0,Low Risk,108.55
1318,8,66.7,Month-to-month,DSL,19.0,Low Risk,66.7
651,1,74.6,Month-to-month,Fiber optic,19.0,Low Risk,74.6
405,72,19.8,Two year,No,19.0,Low Risk,19.8
656,68,88.85,Two year,DSL,19.0,Low Risk,88.85
669,70,57.8,Two year,DSL,18.0,Low Risk,57.8
161,20,82.4,Month-to-month,Fiber optic,18.0,Low Risk,82.4
744,5,44.05,Month-to-month,DSL,18.0,Low Risk,44.05
313,5,69.35,Month-to-month,Fiber optic,18.0,Low Risk,69.35
963,56,73.25,Two year,DSL,18.0,Low Risk,73.25
307,29,75.55,Two year,DSL,18.0,Low Risk,75.55
1322,10,19.95,Month-to-month,No,18.0,Low Risk,19.95
375,43,85.1,One year,DSL,18.0,Low Risk,85.1
1209,56,93.15,One year,Fiber optic,18.0,Low Risk,93.15
388,44,90.4,Month-to-month,Fiber optic,18.0,Low Risk,90.4
135,43,25.7,Two year,No,18.0,Low Risk,25.7
534,1,85.0,Month-to-month,Fiber optic,18.0,Low Risk,85.0
858,66,89.0,One year,Fiber optic,18.0,Low Risk,89.0
62,72,42.1,Two year,DSL,18.0,Low Risk,42.1
823,5,63.95,Month-to-month,DSL,18.0,Low Risk,63.95
646,1,45.7,Month-to-month,DSL,18.0,Low Risk,45.7
756,66,19.7,Two year,No,18.0,Low Risk,19.7
190,43,71.9,One year,DSL,18.0,Low Risk,71.9
173,53,94.85,One year,Fiber optic,17.2,Low Risk,94.85
158,16,64.25,Two year,DSL,17.0,Low Risk,64.25
152,70,108.15,One year,Fiber optic,17.0,Low Risk,108.15
12,58,100.35,One year,Fiber optic,17.0,Low Risk,100.35
933,4,84.6,Month-to-month,Fiber optic,17.0,Low Risk,84.6
256,61,115.1,Two year,Fiber optic,17.0,Low Risk,115.1
385,11,19.95,Month-to-month,No,17.0,Low Risk,19.95
540,72,113.1,Two year,Fiber optic,17.0,Low Risk,113.1
903,56,105.6,One year,Fiber optic,17.0,Low Risk,105.6
1293,67,111.2,Two year,Fiber optic,17.0,Low Risk,111.2
719,68,80.35,Month-to-month,Fiber optic,17.0,Low Risk,80.35
959,32,86.1,Month-to-month,Fiber optic,17.0,Low Risk,86.1
1299,11,44.05,Month-to-month,DSL,17.0,Low Risk,44.05
348,23,44.95,Month-to-month,DSL,17.0,Low Risk,44.95
331,8,19.2,One year,No,17.0,Low Risk,19.2
704,4,49.25,Month-to-month,DSL,17.0,Low Risk,49.25
165,69,19.9,Two year,No,16.5,Low Risk,19.9
932,72,19.3,Two year,No,16.0,Low Risk,19.3
1063,10,62.25,Month-to-month,DSL,16.0,Low Risk,62.25
1028,26,83.75,Month-to-month,Fiber optic,16.0,Low Risk,83.75
769,17,64.8,One year,DSL,16.0,Low Risk,64.8
803,46,64.2,Two year,DSL,16.0,Low Risk,64.2
558,11,70.2,Month-to-month,Fiber optic,16.0,Low Risk,70.2
608,72,114.55,Two year,Fiber optic,16.0,Low Risk,114.55
673,22,24.85,Month-to-month,No,16.0,Low Risk,24.85
1266,4,80.25,Month-to-month,Fiber optic,16.0,Low Risk,80.25
519,12,20.05,Month-to-month,No,16.0,Low Risk,20.05
701,35,83.15,Month-to-month,Fiber optic,16.0,Low Risk,83.15
440,16,112.95,Month-to-month,Fiber optic,16.0,Low Risk,112.95
291,35,61.2,One year,DSL,16.0,Low Risk,61.2
465,70,40.05,Two year,DSL,16.0,Low Risk,40.05
1387,72,24.3,Two year,No,16.0,Low Risk,24.3
1324,4,20.35,Month-to-month,No,16.0,Low Risk,20.35
468,44,19.9,Two year,No,16.0,Low Risk,19.9
1336,15,75.35,Month-to-month,Fiber optic,16.0,Low Risk,75.35
352,7,89.15,Month-to-month,Fiber optic,16.0,Low Risk,89.15
690,1,20.45,Month-to-month,No,16.0,Low Risk,20.45
631,46,55.0,Month-to-month,DSL,15.0,Low Risk,55.0
342,66,67.45,Month-to-month,DSL,15.0,Low Risk,67.45
1365,59,41.05,Month-to-month,DSL,15.0,Low Risk,41.05
873,60,50.8,Month-to-month,DSL,15.0,Low Risk,50.8
1326,43,51.25,One year,DSL,15.0,Low Risk,51.25
1329,72,19.4,Two year,No,15.0,Low Risk,19.4
461,24,69.45,Month-to-month,DSL,15.0,Low Risk,69.45
649,24,70.0,Month-to-month,Fiber optic,15.0,Low Risk,70.0
362,58,50.3,One year,DSL,15.0,Low Risk,50.3
590,72,111.9,Two year,Fiber optic,15.0,Low Risk,111.9
68,50,20.15,Two year,No,15.0,Low Risk,20.15
1018,4,40.05,Month-to-month,DSL,15.0,Low Risk,40.05
204,44,68.85,Month-to-month,Fiber optic,15.0,Low Risk,68.85
414,48,70.65,Month-to-month,Fiber optic,15.0,Low Risk,70.65
1205,1,74.9,Month-to-month,Fiber optic,15.0,Low Risk,74.9
333,7,73.85,Month-to-month,Fiber optic,15.0,Low Risk,73.85
1332,69,23.95,Two year,No,15.0,Low Risk,23.95
564,7,64.3,Month-to-month,DSL,15.0,Low Risk,64.3
1316,7,19.95,Month-to-month,No,15.0,Low Risk,19.95
528,35,19.6,Two year,No,15.0,Low Risk,19.6
56,63,99.65,One year,Fiber optic,15.0,Low Risk,99.65
1195,20,60.0,Month-to-month,DSL,15.0,Low Risk,60.0
1385,48,102.5,Two year,Fiber optic,14.0,Low Risk,102.5
536,63,81.55,Month-to-month,Fiber optic,14.0,Low Risk,81.55
876,15,105.1,Month-to-month,Fiber optic,14.0,Low Risk,105.1
294,12,19.7,Month-to-month,No,14.0,Low Risk,19.7
531,70,20.05,Two year,No,14.0,Low Risk,20.05
1325,1,69.25,Month-to-month,Fiber optic,14.0,Low Risk,69.25
1238,16,96.15,Month-to-month,Fiber optic,14.0,Low Risk,96.15
1095,1,80.55,Month-to-month,Fiber optic,14.0,Low Risk,80.55
35,72,99.9,Two year,Fiber optic,14.0,Low Risk,99.9
507,2,94.2,Month-to-month,Fiber optic,14.0,Low Risk,94.2
1047,3,50.25,Month-to-month,DSL,14.0,Low Risk,50.25
891,50,103.85,Month-to-month,Fiber optic,14.0,Low Risk,103.85
715,46,89.15,Month-to-month,Fiber optic,14.0,Low Risk,89.15
698,47,84.95,One year,Fiber optic,14.0,Low Risk,84.95
452,60,60.2,Month-to-month,DSL,14.0,Low Risk,60.2
1403,8,66.25,Month-to-month,DSL,14.0,Low Risk,66.25
467,72,89.7,One year,Fiber optic,14.0,Low Risk,89.7
1070,2,69.75,Month-to-month,Fiber optic,14.0,Low Risk,69.75
1232,34,78.3,Month-to-month,Fiber optic,14.0,Low Risk,78.3
420,5,24.3,Month-to-month,No,14.0,Low Risk,24.3
730,45,87.25,Month-to-month,Fiber optic,14.0,Low Risk,87.25
1400,3,19.95,Month-to-month,No,14.0,Low Risk,19.95
1234,54,105.85,One year,Fiber optic,14.0,Low Risk,105.85
1033,62,23.65,Two year,No,13.2,Low Risk,23.65
191,6,91.0,Month-to-month,Fiber optic,13.0,Low Risk,91.0
832,70,74.1,One year,DSL,13.0,Low Risk,74.1
47,2,80.65,Month-to-month,Fiber optic,13.0,Low Risk,80.65
85,9,99.3,Month-to-month,Fiber optic,13.0,Low Risk,99.3
433,12,45.4,Month-to-month,DSL,13.0,Low Risk,45.4
89,29,33.75,Month-to-month,DSL,13.0,Low Risk,33.75
1317,3,24.6,Month-to-month,No,13.0,Low Risk,24.6
74,3,64.5,Month-to-month,DSL,13.0,Low Risk,64.5
610,9,29.95,Month-to-month,DSL,13.0,Low Risk,29.95
1376,5,70.0,One year,DSL,13.0,Low Risk,70.0
24,49,59.6,Month-to-month,DSL,13.0,Low Risk,59.6
825,16,89.45,Month-to-month,Fiber optic,13.0,Low Risk,89.45
472,9,70.05,Month-to-month,DSL,13.0,Low Risk,70.05
1039,38,79.45,Month-to-month,Fiber optic,13.0,Low Risk,79.45
265,61,88.1,Two year,DSL,13.0,Low Risk,88.1
877,51,60.15,One year,DSL,13.0,Low Risk,60.15
790,60,59.85,Two year,DSL,13.0,Low Risk,59.85
992,22,25.25,Two year,No,13.0,Low Risk,25.25
1030,50,69.75,Month-to-month,Fiber optic,13.0,Low Risk,69.75
504,69,79.45,Two year,DSL,13.0,Low Risk,79.45
511,61,106.45,Month-to-month,Fiber optic,13.0,Low Risk,106.45
1203,60,25.0,Two year,No,13.0,Low Risk,25.0
436,36,20.85,One year,No,12.0,Low Risk,20.85
84,49,20.15,Two year,No,12.0,Low Risk,20.15
337,68,88.15,Two year,DSL,12.0,Low Risk,88.15
526,72,115.75,Two year,Fiber optic,12.0,Low Risk,115.75
887,27,110.5,One year,Fiber optic,12.0,Low Risk,110.5
363,47,20.55,Two year,No,12.0,Low Risk,20.55
421,7,69.85,Month-to-month,Fiber optic,12.0,Low Risk,69.85
1077,41,114.5,Month-to-month,Fiber optic,12.0,Low Risk,114.5
73,62,24.25,Two year,No,12.0,Low Risk,24.25
546,39,86.3,Month-to-month,Fiber optic,12.0,Low Risk,86.3
444,36,80.4,Month-to-month,Fiber optic,12.0,Low Risk,80.4
752,7,71.35,Month-to-month,DSL,12.0,Low Risk,71.35
306,32,74.9,Month-to-month,Fiber optic,12.0,Low Risk,74.9
326,11,82.9,Month-to-month,Fiber optic,12.0,Low Risk,82.9
230,54,108.0,Two year,Fiber optic,12.0,Low Risk,108.0
14,25,105.5,Month-to-month,Fiber optic,12.0,Low Risk,105.5
612,66,20.55,Two year,No,12.0,Low Risk,20.55
611,9,65.0,Month-to-month,DSL,12.0,Low Risk,65.0
724,33,94.5,Month-to-month,Fiber optic,12.0,Low Risk,94.5
1147,3,60.25,Month-to-month,DSL,12.0,Low Risk,60.25
1214,19,86.0,Month-to-month,Fiber optic,12.0,Low Risk,86.0
1357,48,111.45,Month-to-month,Fiber optic,12.0,Low Risk,111.45
682,3,64.4,Month-to-month,DSL,12.0,Low Risk,64.4
1263,68,89.6,Month-to-month,Fiber optic,12.0,Low Risk,89.6
563,59,99.5,Two year,Fiber optic,12.0,Low Risk,99.5
1110,60,39.6,Two year,DSL,12.0,Low Risk,39.6
1141,6,20.2,Month-to-month,No,11.0,Low Risk,20.2
1098,67,89.55,One year,Fiber optic,11.0,Low Risk,89.55
1193,47,74.45,Two year,DSL,11.0,Low Risk,74.45
76,46,55.65,One year,DSL,11.0,Low Risk,55.65
667,49,30.2,Month-to-month,DSL,11.0,Low Risk,30.2
1145,32,75.5,Month-to-month,Fiber optic,11.0,Low Risk,75.5
1350,67,65.65,Two year,DSL,11.0,Low Risk,65.65
1276,71,99.4,Two year,Fiber optic,11.0,Low Risk,99.4
367,1,19.15,Month-to-month,No,11.0,Low Risk,19.15
942,24,79.85,Month-to-month,Fiber optic,11.0,Low Risk,79.85
1041,16,19.3,One year,No,11.0,Low Risk,19.3
736,30,110.45,One year,Fiber optic,11.0,Low Risk,110.45
946,4,20.5,Month-to-month,No,11.0,Low Risk,20.5
516,28,54.3,One year,DSL,11.0,Low Risk,54.3
524,34,100.05,Month-to-month,Fiber optic,11.0,Low Risk,100.05
1081,46,98.85,Month-to-month,Fiber optic,11.0,Low Risk,98.85
1315,11,20.9,Two year,No,11.0,Low Risk,20.9
312,43,115.05,Two year,Fiber optic,11.0,Low Risk,115.05
677,2,34.7,Month-to-month,DSL,10.0,Low Risk,34.7
1161,1,31.35,Month-to-month,DSL,10.0,Low Risk,31.35
1170,72,114.0,Two year,Fiber optic,10.0,Low Risk,114.0
242,41,74.7,One year,DSL,10.0,Low Risk,74.7
179,61,20.55,One year,No,10.0,Low Risk,20.55
924,22,81.7,Month-to-month,Fiber optic,10.0,Low Risk,81.7
261,13,106.9,Month-to-month,Fiber optic,10.0,Low Risk,106.9
767,14,20.4,One year,No,10.0,Low Risk,20.4
918,26,80.7,Month-to-month,Fiber optic,10.0,Low Risk,80.7
19,21,90.05,Month-to-month,Fiber optic,10.0,Low Risk,90.05
1196,66,85.25,Two year,DSL,10.0,Low Risk,85.25
1305,28,59.55,Month-to-month,DSL,10.0,Low Risk,59.55
141,8,71.15,Month-to-month,DSL,10.0,Low Risk,71.15
351,17,44.6,One year,DSL,10.0,Low Risk,44.6
975,71,108.05,Two year,Fiber optic,10.0,Low Risk,108.05
297,35,100.8,Month-to-month,Fiber optic,10.0,Low Risk,100.8
397,34,73.95,Month-to-month,Fiber optic,10.0,Low Risk,73.95
1122,19,44.85,One year,DSL,10.0,Low Risk,44.85
1361,4,78.45,Month-to-month,Fiber optic,10.0,Low Risk,78.45
822,47,103.1,One year,Fiber optic,10.0,Low Risk,103.1
969,2,96.0,Month-to-month,Fiber optic,10.0,Low Risk,96.0
391,27,84.8,Month-to-month,DSL,9.0,Low Risk,84.8
919,21,104.55,One year,Fiber optic,9.0,Low Risk,104.55
395,66,90.05,Two year,DSL,9.0,Low Risk,90.05
299,1,73.6,Month-to-month,Fiber optic,9.0,Low Risk,73.6
1023,45,86.1,Month-to-month,Fiber optic,9.0,Low Risk,86.1
1006,18,90.1,Month-to-month,Fiber optic,9.0,Low Risk,90.1
384,48,108.1,Two year,Fiber optic,9.0,Low Risk,108.1
990,56,80.3,Two year,Fiber optic,9.0,Low Risk,80.3
225,24,50.6,One year,DSL,9.0,Low Risk,50.6
1026,8,100.6,Month-to-month,Fiber optic,9.0,Low Risk,100.6
970,1,90.55,Month-to-month,Fiber optic,9.0,Low Risk,90.55
1129,47,86.05,Month-to-month,Fiber optic,9.0,Low Risk,86.05
353,4,84.8,Month-to-month,Fiber optic,9.0,Low Risk,84.8
930,16,75.1,Month-to-month,Fiber optic,9.0,Low Risk,75.1
358,27,30.75,Month-to-month,DSL,9.0,Low Risk,30.75
1072,22,56.75,Two year,DSL,9.0,Low Risk,56.75
1079,3,69.55,Month-to-month,Fiber optic,9.0,Low Risk,69.55
469,13,55.95,Month-to-month,DSL,9.0,Low Risk,55.95
838,36,79.2,Month-to-month,DSL,9.0,Low Risk,79.2
587,5,20.1,One year,No,9.0,Low Risk,20.1
759,72,90.35,Two year,Fiber optic,9.0,Low Risk,90.35
7,10,29.75,Month-to-month,DSL,9.0,Low Risk,29.75
1245,23,90.45,Month-to-month,Fiber optic,9.0,Low Risk,90.45
683,40,103.75,One year,Fiber optic,9.0,Low Risk,103.75
681,61,73.8,Two year,DSL,9.0,Low Risk,73.8
1242,21,28.5,Month-to-month,DSL,9.0,Low Risk,28.5
1278,36,60.7,One year,DSL,9.0,Low Risk,60.7
447,52,25.05,Two year,No,9.0,Low Risk,25.05
894,63,81.2,One year,Fiber optic,9.0,Low Risk,81.2
636,31,99.45,Two year,Fiber optic,9.0,Low Risk,99.45
672,1,75.05,Month-to-month,Fiber optic,9.0,Low Risk,75.05
660,4,24.25,Month-to-month,DSL,9.0,Low Risk,24.25
1014,18,57.45,Month-to-month,DSL,8.4,Low Risk,57.45
416,70,98.7,Two year,Fiber optic,8.4,Low Risk,98.7
332,46,94.9,One year,Fiber optic,8.0,Low Risk,94.9
1183,53,93.45,One year,Fiber optic,8.0,Low Risk,93.45
317,38,80.3,One year,DSL,8.0,Low Risk,80.3
58,34,24.95,Two year,No,8.0,Low Risk,24.95
314,5,80.6,Month-to-month,Fiber optic,8.0,Low Risk,80.6
2,2,53.85,Month-to-month,DSL,8.0,Low Risk,53.85
1184,18,87.9,Month-to-month,Fiber optic,8.0,Low Risk,87.9
706,65,59.6,Two year,DSL,8.0,Low Risk,59.6
638,56,104.55,One year,Fiber optic,8.0,Low Risk,104.55
39,11,97.85,Month-to-month,Fiber optic,8.0,Low Risk,97.85
679,45,81.4,Month-to-month,Fiber optic,8.0,Low Risk,81.4
676,48,24.55,One year,No,8.0,Low Risk,24.55
160,13,56.0,Month-to-month,DSL,8.0,Low Risk,56.0
1353,66,20.35,One year,No,8.0,Low Risk,20.35
791,68,76.9,One year,DSL,8.0,Low Risk,76.9
811,70,104.0,Two year,Fiber optic,8.0,Low Risk,104.0
99,25,98.5,Month-to-month,Fiber optic,8.0,Low Risk,98.5
585,1,85.7,Month-to-month,Fiber optic,8.0,Low Risk,85.7
868,59,85.55,One year,Fiber optic,8.0,Low Risk,85.55
434,41,19.75,Two year,No,8.0,Low Risk,19.75
1281,36,19.25,One year,No,8.0,Low Risk,19.25
118,41,20.65,Two year,No,8.0,Low Risk,20.65
474,1,74.7,Month-to-month,Fiber optic,8.0,Low Risk,74.7
437,72,114.05,Two year,Fiber optic,8.0,Low Risk,114.05
1065,23,90.05,Month-to-month,Fiber optic,8.0,Low Risk,90.05
1051,16,35.5,Month-to-month,DSL,8.0,Low Risk,35.5
512,5,74.35,Month-to-month,Fiber optic,8.0,Low Risk,74.35
394,42,95.05,Month-to-month,Fiber optic,8.0,Low Risk,95.05
106,72,104.15,One year,Fiber optic,8.0,Low Risk,104.15
75,56,110.5,One year,Fiber optic,8.0,Low Risk,110.5
931,33,80.6,Two year,Fiber optic,8.0,Low Risk,80.6
376,1,25.35,Month-to-month,DSL,8.0,Low Risk,25.35
886,7,84.35,Month-to-month,Fiber optic,8.0,Low Risk,84.35
506,11,78.0,Month-to-month,Fiber optic,8.0,Low Risk,78.0
637,68,70.9,Two year,DSL,7.1,Low Risk,70.9
108,43,94.35,One year,Fiber optic,7.0,Low Risk,94.35
1404,35,23.3,Two year,No,7.0,Low Risk,23.3
250,51,93.5,One year,Fiber optic,7.0,Low Risk,93.5
186,20,51.8,Month-to-month,DSL,7.0,Low Risk,51.8
652,35,20.1,Two year,No,7.0,Low Risk,20.1
777,2,82.0,Month-to-month,Fiber optic,7.0,Low Risk,82.0
691,31,75.25,One year,DSL,7.0,Low Risk,75.25
1002,4,69.55,Month-to-month,Fiber optic,7.0,Low Risk,69.55
772,1,19.9,Month-to-month,No,7.0,Low Risk,19.9
203,13,78.3,Month-to-month,Fiber optic,7.0,Low Risk,78.3
1062,34,50.2,Month-to-month,DSL,7.0,Low Risk,50.2
757,3,19.85,Month-to-month,No,7.0,Low Risk,19.85
205,33,79.95,One year,Fiber optic,7.0,Low Risk,79.95
466,64,102.1,Two year,Fiber optic,7.0,Low Risk,102.1
851,52,85.15,Two year,DSL,7.0,Low Risk,85.15
169,16,20.4,Month-to-month,No,7.0,Low Risk,20.4
1248,11,90.15,Month-to-month,Fiber optic,7.0,Low Risk,90.15
1046,52,74.0,One year,DSL,7.0,Low Risk,74.0
1264,69,95.2,Two year,Fiber optic,7.0,Low Risk,95.2
547,65,105.05,One year,Fiber optic,7.0,Low Risk,105.05
316,71,19.9,Two year,No,7.0,Low Risk,19.9
1174,14,54.25,One year,DSL,7.0,Low Risk,54.25
584,3,20.0,Month-to-month,No,7.0,Low Risk,20.0
835,60,93.25,Month-to-month,Fiber optic,7.0,Low Risk,93.25
409,1,19.6,Month-to-month,No,7.0,Low Risk,19.6
944,54,104.1,Month-to-month,Fiber optic,7.0,Low Risk,104.1
145,65,99.05,Two year,Fiber optic,7.0,Low Risk,99.05
974,59,75.95,Two year,DSL,7.0,Low Risk,75.95
500,34,116.25,One year,Fiber optic,7.0,Low Risk,116.25
279,5,50.55,Month-to-month,DSL,7.0,Low Risk,50.55
1394,62,110.8,One year,Fiber optic,7.0,Low Risk,110.8
644,15,25.25,Month-to-month,No,7.0,Low Risk,25.25
172,14,81.95,Two year,DSL,6.0,Low Risk,81.95
1025,60,110.0,Two year,Fiber optic,6.0,Low Risk,110.0
1406,66,25.3,Two year,No,6.0,Low Risk,25.3
15,69,113.25,Two year,Fiber optic,6.0,Low Risk,113.25
43,63,79.85,Two year,DSL,6.0,Low Risk,79.85
1050,12,43.65,Month-to-month,DSL,6.0,Low Risk,43.65
202,71,105.55,Two year,Fiber optic,6.0,Low Risk,105.55
1108,69,24.6,Two year,No,6.0,Low Risk,24.6
78,30,74.75,Month-to-month,DSL,6.0,Low Risk,74.75
1080,32,20.05,Two year,No,6.0,Low Risk,20.05
1016,71,80.1,Two year,DSL,6.0,Low Risk,80.1
44,13,76.2,Month-to-month,DSL,6.0,Low Risk,76.2
754,2,90.35,Month-to-month,Fiber optic,6.0,Low Risk,90.35
432,2,53.45,Month-to-month,DSL,6.0,Low Risk,53.45
781,5,44.8,Month-to-month,DSL,6.0,Low Risk,44.8
1136,63,20.0,Two year,No,6.0,Low Risk,20.0
902,17,93.85,Month-to-month,Fiber optic,6.0,Low Risk,93.85
442,54,114.65,One year,Fiber optic,6.0,Low Risk,114.65
541,11,58.95,Month-to-month,DSL,6.0,Low Risk,58.95
849,72,89.8,Two year,DSL,6.0,Low Risk,89.8
579,2,19.65,Month-to-month,No,6.0,Low Risk,19.65
599,65,20.4,Two year,No,6.0,Low Risk,20.4
615,15,48.85,Month-to-month,DSL,6.0,Low Risk,48.85
796,31,81.7,One year,Fiber optic,6.0,Low Risk,81.7
985,33,80.6,Month-to-month,Fiber optic,6.0,Low Risk,80.6
1198,42,20.75,Two year,No,6.0,Low Risk,20.75
643,49,89.85,One year,Fiber optic,6.0,Low Risk,89.85
248,1,48.55,Month-to-month,DSL,6.0,Low Risk,48.55
1337,31,20.4,Two year,No,6.0,Low Risk,20.4
247,15,74.4,Month-to-month,Fiber optic,6.0,Low Risk,74.4
696,72,85.15,Two year,DSL,6.0,Low Risk,85.15
722,4,85.95,Month-to-month,Fiber optic,6.0,Low Risk,85.95
1004,21,20.0,Month-to-month,No,6.0,Low Risk,20.0
219,8,80.0,Month-to-month,Fiber optic,6.0,Low Risk,80.0
748,48,19.25,Two year,No,5.0,Low Risk,19.25
1407,8,44.55,Two year,DSL,5.0,Low Risk,44.55
451,22,69.75,Month-to-month,DSL,5.0,Low Risk,69.75
1283,72,105.5,Two year,Fiber optic,5.0,Low Risk,105.5
883,67,111.25,One year,Fiber optic,5.0,Low Risk,111.25
487,72,88.6,Two year,DSL,5.0,Low Risk,88.6
1268,59,110.15,One year,Fiber optic,5.0,Low Risk,110.15
841,72,105.0,Two year,Fiber optic,5.0,Low Risk,105.0
1111,4,94.4,Month-to-month,Fiber optic,5.0,Low Risk,94.4
1261,2,80.15,Month-to-month,Fiber optic,5.0,Low Risk,80.15
22,1,20.15,Month-to-month,No,5.0,Low Risk,20.15
57,66,108.45,One year,Fiber optic,5.0,Low Risk,108.45
1256,72,85.9,Two year,DSL,5.0,Low Risk,85.9
702,29,84.9,Month-to-month,Fiber optic,5.0,Low Risk,84.9
642,1,89.55,Month-to-month,Fiber optic,5.0,Low Risk,89.55
393,19,19.9,Month-to-month,No,5.0,Low Risk,19.9
657,45,78.8,One year,DSL,5.0,Low Risk,78.8
424,10,40.7,Month-to-month,DSL,5.0,Low Risk,40.7
1015,12,53.65,One year,DSL,5.0,Low Risk,53.65
1115,39,53.85,Two year,DSL,5.0,Low Risk,53.85
346,2,90.4,Month-to-month,Fiber optic,5.0,Low Risk,90.4
293,6,89.35,Month-to-month,Fiber optic,5.0,Low Risk,89.35
1037,13,49.15,Month-to-month,DSL,5.0,Low Risk,49.15
164,11,20.6,One year,No,5.0,Low Risk,20.6
325,52,102.7,Month-to-month,Fiber optic,5.0,Low Risk,102.7
955,1,44.7,Month-to-month,DSL,5.0,Low Risk,44.7
328,28,35.9,Month-to-month,DSL,5.0,Low Risk,35.9
140,72,88.05,Two year,DSL,5.0,Low Risk,88.05
1031,27,71.6,Month-to-month,DSL,5.0,Low Risk,71.6
252,1,40.2,Month-to-month,DSL,5.0,Low Risk,40.2
281,10,51.2,Month-to-month,DSL,5.0,Low Risk,51.2
298,40,74.55,Month-to-month,DSL,5.0,Low Risk,74.55
206,72,55.45,Two year,DSL,5.0,Low Risk,55.45
227,1,55.2,Month-to-month,DSL,5.0,Low Risk,55.2
1343,64,73.05,One year,DSL,5.0,Low Risk,73.05
216,72,45.25,Two year,DSL,5.0,Low Risk,45.25
207,1,79.9,Month-to-month,Fiber optic,5.0,Low Risk,79.9
1055,36,19.55,One year,No,5.0,Low Risk,19.55
287,1,70.0,Month-to-month,Fiber optic,4.0,Low Risk,70.0
606,38,81.0,Two year,DSL,4.0,Low Risk,81.0
1011,71,58.65,Two year,DSL,4.0,Low Risk,58.65
819,70,88.0,Two year,Fiber optic,4.0,Low Risk,88.0
624,7,20.0,Month-to-month,No,4.0,Low Risk,20.0
780,71,73.35,Two year,DSL,4.0,Low Risk,73.35
1096,7,81.25,Month-to-month,DSL,4.0,Low Risk,81.25
991,58,24.35,Two year,No,4.0,Low Risk,24.35
283,68,54.45,Month-to-month,DSL,4.0,Low Risk,54.45
1100,15,24.8,Month-to-month,No,4.0,Low Risk,24.8
971,49,93.85,Month-to-month,Fiber optic,4.0,Low Risk,93.85
687,2,49.25,Month-to-month,DSL,4.0,Low Risk,49.25
804,6,85.35,Month-to-month,Fiber optic,4.0,Low Risk,85.35
350,37,62.8,Two year,DSL,4.0,Low Risk,62.8
1258,47,20.15,Two year,No,4.0,Low Risk,20.15
545,34,78.95,One year,Fiber optic,4.0,Low Risk,78.95
1054,40,97.1,Month-to-month,Fiber optic,4.0,Low Risk,97.1
134,2,44.35,Month-to-month,DSL,4.0,Low Risk,44.35
345,1,72.1,Month-to-month,Fiber optic,4.0,Low Risk,72.1
1069,20,54.0,One year,DSL,4.0,Low Risk,54.0
309,48,78.75,One year,DSL,4.0,Low Risk,78.75
885,1,20.05,Month-to-month,No,4.0,Low Risk,20.05
335,68,75.8,One year,DSL,4.0,Low Risk,75.8
922,16,75.4,Month-to-month,Fiber optic,4.0,Low Risk,75.4
550,72,110.3,Two year,Fiber optic,4.0,Low Risk,110.3
1044,8,54.25,One year,DSL,4.0,Low Risk,54.25
1262,12,51.25,Month-to-month,DSL,4.0,Low Risk,51.25
390,27,95.6,Month-to-month,Fiber optic,4.0,Low Risk,95.6
1356,9,75.2,Month-to-month,Fiber optic,4.0,Low Risk,75.2
67,31,79.2,Two year,DSL,4.0,Low Risk,79.2
406,60,95.4,One year,Fiber optic,4.0,Low Risk,95.4
1218,24,90.55,Month-to-month,Fiber optic,3.0,Low Risk,90.55
1128,27,19.4,Month-to-month,No,3.0,Low Risk,19.4
1301,66,58.2,Two year,DSL,3.0,Low Risk,58.2
1303,69,19.7,Two year,No,3.0,Low Risk,19.7
1375,39,19.85,Two year,No,3.0,Low Risk,19.85
1226,72,24.65,Two year,No,3.0,Low Risk,24.65
1177,46,79.2,Two year,DSL,3.0,Low Risk,79.2
1189,3,85.7,Month-to-month,Fiber optic,3.0,Low Risk,85.7
1131,14,64.7,Month-to-month,DSL,3.0,Low Risk,64.7
1308,16,86.6,Month-to-month,Fiber optic,3.0,Low Risk,86.6
1408,71,104.1,One year,Fiber optic,3.0,Low Risk,104.1
570,60,19.25,Two year,No,3.0,Low Risk,19.25
661,10,45.25,Month-to-month,DSL,3.0,Low Risk,45.25
640,68,25.4,Two year,No,3.0,Low Risk,25.4
214,23,86.8,Month-to-month,Fiber optic,3.0,Low Risk,86.8
253,32,83.7,One year,DSL,3.0,Low Risk,83.7
267,19,105.0,Month-to-month,Fiber optic,3.0,Low Risk,105.0
289,10,44.85,Month-to-month,DSL,3.0,Low Risk,44.85
633,10,20.35,One year,No,3.0,Low Risk,20.35
303,68,60.3,Two year,DSL,3.0,Low Risk,60.3
323,9,48.6,One year,DSL,3.0,Low Risk,48.6
626,23,84.25,Month-to-month,Fiber optic,3.0,Low Risk,84.25
396,33,109.9,Month-to-month,Fiber optic,3.0,Low Risk,109.9
438,35,89.85,Month-to-month,Fiber optic,3.0,Low Risk,89.85
937,6,79.05,Month-to-month,Fiber optic,3.0,Low Risk,79.05
934,12,33.6,One year,DSL,3.0,Low Risk,33.6
460,6,19.65,Month-to-month,No,3.0,Low Risk,19.65
463,7,99.8,Month-to-month,Fiber optic,3.0,Low Risk,99.8
486,15,100.15,Month-to-month,Fiber optic,3.0,Low Risk,100.15
505,20,94.1,Month-to-month,Fiber optic,3.0,Low Risk,94.1
1105,9,79.75,Month-to-month,Fiber optic,3.0,Low Risk,79.75
509,1,19.85,Month-to-month,No,3.0,Low Risk,19.85
189,40,56.6,Month-to-month,DSL,3.0,Low Risk,56.6
213,29,20.0,One year,No,3.0,Low Risk,20.0
671,53,25.55,Two year,No,3.0,Low Risk,25.55
727,5,80.85,Month-to-month,Fiber optic,3.0,Low Risk,80.85
28,72,90.25,Two year,DSL,3.0,Low Risk,90.25
48,52,79.75,Two year,DSL,3.0,Low Risk,79.75
815,25,84.6,Month-to-month,Fiber optic,3.0,Low Risk,84.6
95,12,78.95,Month-to-month,Fiber optic,3.0,Low Risk,78.95
827,14,25.55,Month-to-month,No,3.0,Low Risk,25.55
750,27,56.7,Month-to-month,DSL,3.0,Low Risk,56.7
848,72,92.0,Two year,DSL,3.0,Low Risk,92.0
120,56,99.8,One year,Fiber optic,3.0,Low Risk,99.8
115,3,89.85,Month-to-month,Fiber optic,3.0,Low Risk,89.85
129,71,56.45,One year,DSL,3.0,Low Risk,56.45
143,64,84.3,One year,Fiber optic,3.0,Low Risk,84.3
675,65,110.35,Two year,Fiber optic,3.0,Low Risk,110.35
843,13,30.85,Month-to-month,DSL,3.0,Low Risk,30.85
513,56,105.45,Month-to-month,Fiber optic,3.0,Low Risk,105.45
130,13,85.95,Month-to-month,Fiber optic,2.6,Low Risk,85.95
614,50,69.5,Two year,DSL,2.0,Low Risk,69.5
605,72,86.65,Two year,DSL,2.0,Low Risk,86.65
680,1,80.0,Month-to-month,Fiber optic,2.0,Low Risk,80.0
1240,25,20.15,Month-to-month,No,2.0,Low Risk,20.15
1253,7,79.3,Month-to-month,Fiber optic,2.0,Low Risk,79.3
761,22,89.25,Month-to-month,Fiber optic,2.0,Low Risk,89.25
1239,3,58.7,Month-to-month,DSL,2.0,Low Risk,58.7
1244,15,19.4,Month-to-month,No,2.0,Low Risk,19.4
784,63,40.6,One year,DSL,2.0,Low Risk,40.6
551,72,115.6,Two year,Fiber optic,2.0,Low Risk,115.6
785,46,110.0,One year,Fiber optic,2.0,Low Risk,110.0
404,20,19.7,Two year,No,2.0,Low Risk,19.7
1272,5,19.45,Month-to-month,No,2.0,Low Risk,19.45
446,1,69.55,Month-to-month,Fiber optic,2.0,Low Risk,69.55
1402,18,35.0,Month-to-month,DSL,2.0,Low Risk,35.0
1397,4,82.85,Month-to-month,Fiber optic,2.0,Low Risk,82.85
1389,34,94.25,Month-to-month,Fiber optic,2.0,Low Risk,94.25
60,47,100.5,Month-to-month,Fiber optic,2.0,Low Risk,100.5
107,32,30.15,One year,DSL,2.0,Low Risk,30.15
109,72,19.4,Two year,No,2.0,Low Risk,19.4
125,33,88.95,Two year,Fiber optic,2.0,Low Risk,88.95
137,64,20.2,Two year,No,2.0,Low Risk,20.2
146,3,19.6,One year,No,2.0,Low Risk,19.6
150,8,68.55,Month-to-month,DSL,2.0,Low Risk,68.55
166,4,70.9,Month-to-month,Fiber optic,2.0,Low Risk,70.9
168,58,45.3,Month-to-month,DSL,2.0,Low Risk,45.3
1345,57,100.75,One year,Fiber optic,2.0,Low Risk,100.75
1341,3,54.7,Month-to-month,DSL,2.0,Low Risk,54.7
251,2,70.4,Month-to-month,Fiber optic,2.0,Low Risk,70.4
262,57,89.85,Month-to-month,Fiber optic,2.0,Low Risk,89.85
1319,1,19.45,Month-to-month,No,2.0,Low Risk,19.45
329,17,82.65,Month-to-month,Fiber optic,2.0,Low Risk,82.65
382,72,64.8,Two year,DSL,2.0,Low Risk,64.8
795,2,64.2,Month-to-month,DSL,2.0,Low Risk,64.2
1296,20,80.7,Month-to-month,Fiber optic,2.0,Low Risk,80.7
792,8,19.85,Two year,No,2.0,Low Risk,19.85
1114,32,98.85,Month-to-month,Fiber optic,2.0,Low Risk,98.85
1154,45,24.65,Two year,No,2.0,Low Risk,24.65
1089,16,74.75,Month-to-month,Fiber optic,2.0,Low Risk,74.75
895,30,94.3,Month-to-month,Fiber optic,2.0,Low Risk,94.3
951,8,75.6,Month-to-month,Fiber optic,2.0,Low Risk,75.6
867,5,20.5,Month-to-month,No,2.0,Low Risk,20.5
1176,6,109.9,Month-to-month,Fiber optic,2.0,Low Risk,109.9
984,72,23.75,Two year,No,2.0,Low Risk,23.75
1043,32,69.75,Month-to-month,Fiber optic,2.0,Low Risk,69.75
1185,1,60.15,Month-to-month,DSL,2.0,Low Risk,60.15
836,62,71.4,One year,DSL,2.0,Low Risk,71.4
1124,12,49.05,Month-to-month,DSL,2.0,Low Risk,49.05
998,72,20.7,Two year,No,2.0,Low Risk,20.7
1166,5,53.8,Month-to-month,DSL,2.0,Low Risk,53.8
1024,37,70.35,Month-to-month,Fiber optic,1.9,Low Risk,70.35
233,72,20.25,Two year,No,1.0,Low Risk,20.25
255,67,59.55,Two year,DSL,1.0,Low Risk,59.55
1103,54,105.2,One year,Fiber optic,1.0,Low Risk,105.2
965,8,100.3,Month-to-month,Fiber optic,1.0,Low Risk,100.3
1321,60,65.85,One year,DSL,1.0,Low Risk,65.85
315,51,110.05,One year,Fiber optic,1.0,Low Risk,110.05
16,52,20.65,One year,No,1.0,Low Risk,20.65
1405,1,76.0,Month-to-month,Fiber optic,1.0,Low Risk,76.0
330,35,19.85,Two year,No,1.0,Low Risk,19.85
354,21,41.9,Month-to-month,DSL,1.0,Low Risk,41.9
1306,70,115.55,One year,Fiber optic,1.0,Low Risk,115.55
361,41,98.8,Two year,Fiber optic,1.0,Low Risk,98.8
379,17,86.75,One year,Fiber optic,1.0,Low Risk,86.75
1153,52,64.3,One year,DSL,1.0,Low Risk,64.3
800,70,75.65,Two year,Fiber optic,1.0,Low Risk,75.65
8,28,104.8,Month-to-month,Fiber optic,1.0,Low Risk,104.8
398,33,54.6,Month-to-month,DSL,1.0,Low Risk,54.6
400,32,19.75,One year,No,1.0,Low Risk,19.75
1156,53,18.7,Two year,No,1.0,Low Risk,18.7
430,61,19.4,Month-to-month,No,1.0,Low Risk,19.4
926,3,79.4,Month-to-month,Fiber optic,1.0,Low Risk,79.4
455,24,104.15,Month-to-month,Fiber optic,1.0,Low Risk,104.15
912,72,106.1,One year,Fiber optic,1.0,Low Risk,106.1
1162,67,72.35,One year,DSL,1.0,Low Risk,72.35
905,9,100.5,Month-to-month,Fiber optic,1.0,Low Risk,100.5
498,5,28.45,Month-to-month,DSL,1.0,Low Risk,28.45
1165,25,19.9,One year,No,1.0,Low Risk,19.9
1401,4,99.8,Month-to-month,Fiber optic,1.0,Low Risk,99.8
1087,32,87.65,Month-to-month,Fiber optic,1.0,Low Risk,87.65
33,1,20.2,Month-to-month,No,1.0,Low Risk,20.2
1130,26,19.15,Two year,No,1.0,Low Risk,19.15
32,27,66.15,One year,DSL,1.0,Low Risk,66.15
61,60,89.9,Month-to-month,Fiber optic,1.0,Low Risk,89.9
80,1,79.35,Month-to-month,Fiber optic,1.0,Low Risk,79.35
1380,61,98.45,One year,Fiber optic,1.0,Low Risk,98.45
81,11,50.55,Month-to-month,DSL,1.0,Low Risk,50.55
97,5,21.05,Month-to-month,No,1.0,Low Risk,21.05
105,5,24.3,Month-to-month,DSL,1.0,Low Risk,24.3
1099,5,55.7,Month-to-month,DSL,1.0,Low Risk,55.7
119,27,85.2,Month-to-month,Fiber optic,1.0,Low Risk,85.2
1057,10,84.7,Month-to-month,Fiber optic,1.0,Low Risk,84.7
1367,61,82.15,Month-to-month,Fiber optic,1.0,Low Risk,82.15
123,7,50.7,Month-to-month,DSL,1.0,Low Risk,50.7
23,58,59.9,Two year,DSL,1.0,Low Risk,59.9
1143,18,56.8,Month-to-month,DSL,1.0,Low Risk,56.8
136,23,75.0,Month-to-month,Fiber optic,1.0,Low Risk,75.0
1021,28,54.35,One year,DSL,1.0,Low Risk,54.35
1358,10,70.15,Month-to-month,Fiber optic,1.0,Low Risk,70.15
1134,26,81.95,Month-to-month,Fiber optic,1.0,Low Risk,81.95
176,15,74.45,Month-to-month,Fiber optic,1.0,Low Risk,74.45
1348,10,79.95,Month-to-month,Fiber optic,1.0,Low Risk,79.95
184,13,79.25,Month-to-month,Fiber optic,1.0,Low Risk,79.25
529,56,99.9,Two year,Fiber optic,1.0,Low Risk,99.9
1342,8,20.0,Two year,No,1.0,Low Risk,20.0
1340,0,56.05,Two year,DSL,1.0,Low Risk,56.05
209,64,102.45,One year,Fiber optic,1.0,Low Risk,102.45
1335,2,45.0,Month-to-month,DSL,1.0,Low Risk,45.0
223,4,50.05,Month-to-month,DSL,1.0,Low Risk,50.05
1194,14,50.45,Month-to-month,DSL,1.0,Low Risk,50.45
609,65,105.25,Month-to-month,Fiber optic,1.0,Low Risk,105.25
1210,17,69.0,Month-to-month,Fiber optic,1.0,Low Risk,69.0
588,72,99.15,Two year,Fiber optic,1.0,Low Risk,99.15
597,4,65.55,Month-to-month,DSL,1.0,Low Risk,65.55
600,16,74.55,Month-to-month,Fiber optic,1.0,Low Risk,74.55
697,3,50.15,Month-to-month,DSL,1.0,Low Risk,50.15
694,22,20.05,One year,No,1.0,Low Risk,20.05
751,70,80.15,Two year,DSL,1.0,Low Risk,80.15
620,10,34.55,Month-to-month,DSL,1.0,Low Risk,34.55
755,20,98.55,Month-to-month,Fiber optic,1.0,Low Risk,98.55
853,5,64.35,Month-to-month,DSL,1.0,Low Risk,64.35
742,10,98.55,Month-to-month,Fiber optic,1.0,Low Risk,98.55
837,1,44.4,Month-to-month,DSL,1.0,Low Risk,44.4
879,33,54.65,Month-to-month,DSL,1.0,Low Risk,54.65
1204,18,25.55,Month-to-month,DSL,1.0,Low Risk,25.55
596,16,54.85,Two year,DSL,1.0,Low Risk,54.85
869,3,26.4,Two year,No,1.0,Low Risk,26.4
782,27,54.75,Month-to-month,DSL,1.0,Low Risk,54.75
808,40,101.3,Month-to-month,Fiber optic,1.0,Low Risk,101.3
1199,17,78.9,Month-to-month,Fiber optic,1.0,Low Risk,78.9
1227,30,90.4,One year,Fiber optic,1.0,Low Risk,90.4
554,32,80.35,Month-to-month,Fiber optic,1.0,Low Risk,80.35
1265,56,94.8,One year,Fiber optic,1.0,Low Risk,94.8
623,20,19.7,Two year,No,1.0,Low Risk,19.7
845,15,20.55,One year,No,1.0,Low Risk,20.55
1219,62,70.45,Month-to-month,DSL,0.0,,70.45
709,29,80.1,Month-to-month,DSL,0.0,,80.1
720,2,20.2,One year,No,0.0,,20.2
721,61,20.55,Two year,No,0.0,,20.55
1370,27,20.25,Two year,No,0.0,,20.25
122,3,74.4,Month-to-month,Fiber optic,0.0,,74.4
138,57,19.6,Two year,No,0.0,,19.6
708,29,75.3,Month-to-month,Fiber optic,0.0,,75.3
705,25,79.85,Month-to-month,Fiber optic,0.0,,79.85
703,2,20.55,Month-to-month,No,0.0,,20.55
692,47,20.55,One year,No,0.0,,20.55
144,71,23.95,Two year,No,0.0,,23.95
1020,39,51.05,Month-to-month,DSL,0.0,,51.05
1013,1,49.5,Month-to-month,DSL,0.0,,49.5
162,2,69.7,Month-to-month,Fiber optic,0.0,,69.7
163,53,73.9,Two year,DSL,0.0,,73.9
1009,23,20.75,One year,No,0.0,,20.75
1008,32,99.55,Month-to-month,Fiber optic,0.0,,99.55
1228,49,100.85,Month-to-month,Fiber optic,0.0,,100.85
177,7,76.45,Month-to-month,Fiber optic,0.0,,76.45
1059,23,90.6,Month-to-month,Fiber optic,0.0,,90.6
549,15,19.75,Month-to-month,No,0.0,,19.75
110,55,96.75,Month-to-month,Fiber optic,0.0,,96.75
1060,26,20.05,One year,No,0.0,,20.05
4,2,70.7,Month-to-month,Fiber optic,0.0,,70.7
802,39,23.8,Two year,No,0.0,,23.8
793,34,67.65,Two year,DSL,0.0,,67.65
11,16,18.95,Two year,No,0.0,,18.95
805,72,76.8,Two year,DSL,0.0,,76.8
812,42,25.25,Two year,No,0.0,,25.25
1398,24,84.35,Month-to-month,Fiber optic,0.0,,84.35
1121,50,82.5,One year,DSL,0.0,,82.5
779,2,45.35,Month-to-month,DSL,0.0,,45.35
37,46,74.8,Month-to-month,Fiber optic,0.0,,74.8
40,10,49.55,One year,DSL,0.0,,49.55
1392,33,20.1,One year,No,0.0,,20.1
824,62,25.8,Two year,No,0.0,,25.8
50,43,90.25,Month-to-month,Fiber optic,0.0,,90.25
59,72,107.5,Two year,Fiber optic,0.0,,107.5
747,3,75.05,Month-to-month,Fiber optic,0.0,,75.05
70,1,49.05,Month-to-month,DSL,0.0,,49.05
71,52,20.4,One year,No,0.0,,20.4
1383,1,49.95,Month-to-month,DSL,0.0,,49.95
79,45,25.9,One year,No,0.0,,25.9
739,72,89.85,Two year,DSL,0.0,,89.85
1344,28,20.5,Month-to-month,No,0.0,,20.5
92,66,84.0,Two year,DSL,0.0,,84.0
1086,11,89.7,Month-to-month,Fiber optic,0.0,,89.7
738,42,79.35,Month-to-month,Fiber optic,0.0,,79.35
732,25,75.5,Month-to-month,Fiber optic,0.0,,75.5
1068,49,99.05,Month-to-month,Fiber optic,0.0,,99.05
1003,37,19.85,Two year,No,0.0,,19.85
201,14,80.05,Month-to-month,Fiber optic,0.0,,80.05
1230,47,87.2,Month-to-month,Fiber optic,0.0,,87.2
1180,39,49.8,Two year,DSL,0.0,,49.8
368,71,98.65,One year,Fiber optic,0.0,,98.65
602,66,74.25,One year,Fiber optic,0.0,,74.25
941,13,30.15,Month-to-month,DSL,0.0,,30.15
1297,5,75.6,Month-to-month,Fiber optic,0.0,,75.6
428,18,75.6,Month-to-month,Fiber optic,0.0,,75.6
429,68,58.25,One year,DSL,0.0,,58.25
583,1,19.0,Month-to-month,No,0.0,,19.0
939,15,19.9,Month-to-month,No,0.0,,19.9
582,4,89.2,Month-to-month,Fiber optic,0.0,,89.2
1290,72,84.45,Two year,DSL,0.0,,84.45
580,12,19.0,Month-to-month,No,0.0,,19.0
457,30,80.8,Two year,DSL,0.0,,80.8
1287,30,107.5,Month-to-month,Fiber optic,0.0,,107.5
458,2,20.0,Month-to-month,No,0.0,,20.0
1260,2,50.3,Month-to-month,DSL,0.0,,50.3
578,35,94.55,Month-to-month,Fiber optic,0.0,,94.55
464,72,116.05,Two year,Fiber optic,0.0,,116.05
1282,1,62.8,Month-to-month,DSL,0.0,,62.8
475,24,80.25,Month-to-month,Fiber optic,0.0,,80.25
482,20,81.45,Month-to-month,Fiber optic,0.0,,81.45
485,72,84.5,Two year,Fiber optic,0.0,,84.5
574,28,110.85,Month-to-month,Fiber optic,0.0,,110.85
494,1,20.4,Month-to-month,No,0.0,,20.4
897,53,105.55,Two year,Fiber optic,0.0,,105.55
503,52,84.05,Month-to-month,Fiber optic,0.0,,84.05
901,9,98.3,Month-to-month,Fiber optic,0.0,,98.3
1273,49,88.2,Month-to-month,Fiber optic,0.0,,88.2
1167,26,51.55,One year,DSL,0.0,,51.55
1168,1,19.65,One year,No,0.0,,19.65
616,8,25.25,Month-to-month,DSL,0.0,,25.25
340,32,54.65,Month-to-month,DSL,0.0,,54.65
339,63,103.4,Month-to-month,Fiber optic,0.0,,103.4
859,72,64.8,Two year,DSL,0.0,,64.8
986,12,43.8,Month-to-month,DSL,0.0,,43.8
664,57,19.5,Two year,No,0.0,,19.5
193,72,109.7,Two year,Fiber optic,0.0,,109.7
537,33,58.45,One year,DSL,0.0,,58.45
662,1,20.05,Month-to-month,No,0.0,,20.05
1142,11,75.2,Month-to-month,Fiber optic,0.0,,75.2
850,72,115.8,Two year,Fiber optic,0.0,,115.8
659,37,20.35,Month-to-month,No,0.0,,20.35
655,10,95.1,Month-to-month,Fiber optic,0.0,,95.1
226,31,81.15,One year,DSL,0.0,,81.15
1237,13,19.45,One year,No,0.0,,19.45
1144,1,35.55,Month-to-month,DSL,0.0,,35.55
1328,23,54.25,Month-to-month,DSL,0.0,,54.25
983,1,86.6,Month-to-month,Fiber optic,0.0,,86.6
1310,34,97.65,Month-to-month,Fiber optic,0.0,,97.65
968,71,77.35,Two year,DSL,0.0,,77.35
271,57,59.75,Two year,DSL,0.0,,59.75
274,1,70.6,Month-to-month,Fiber optic,0.0,,70.6
861,64,93.4,Two year,Fiber optic,0.0,,93.4
862,20,73.65,Month-to-month,Fiber optic,0.0,,73.65
292,23,86.8,One year,Fiber optic,0.0,,86.8
964,1,45.7,Month-to-month,DSL,0.0,,45.7
300,23,64.9,One year,DSL,0.0,,64.9
961,17,20.5,One year,No,0.0,,20.5
953,15,58.95,Month-to-month,DSL,0.0,,58.95
617,66,102.85,One year,Fiber optic,0.0,,102.85
334,2,80.6,Month-to-month,Fiber optic,0.0,,80.6
338,36,94.8,Month-to-month,Fiber optic,0.0,,94.8
0,1,29.85,Month-to-month,DSL,0.0,,29.85
